level,text_korean,text_english,source,,원본: [스토리즈] 2607_지문 (한글타자).xlsm
1,"저는 어제 커피를 많이 마셨어요.
배가 아팠어요.
이제 커피를 안 마셔요.
이제 보리차를 마셔요.
한국 사람들은 보리차를 많이 마셔요.
보리차는 맛있어요.
배가 아파요?
그러면 보리차를 마셔요.
물이 맛없어요?
그러면 보리차를 마셔요.","I drank a lot of coffee yesterday.
My stomach hurt.
I don’t drink coffee anymore.
Now I drink barley tea.
Korean people drink a lot of barley tea.
Barley tea is delicious.
Does your stomach hurt?
Then drink barley tea.
Does the water taste bad?
Then have some barley tea.",TTMIK Stories Level 1 Articles 보리차를 마셔요,,
1,"여기에서 밥을 먹어요.
여기에서 자요.
여기에서 게임을 해요.
여기에서 쉬어요.
여기에서 놀아요.
여기에서 목욕을 해요.
여기는 따뜻해요.
여기는 재미있어요.
여기는 어디예요?
여기는 ‘찜질방’이에요.","I eat rice (a meal) here.
I sleep here.
I play games here.
I rest here.
I hang out here.
I take a bath here.
It's warm here.
It is fun here.
Where is this place?
This is a ‘jjimjilbang’ (Korean sauna).",TTMIK Stories Level 1 Articles 찜질방에서 뭐 해요?,,
1,"우리 집 근처 백화점은 1층에 화장실이 없어요.
시계도 없어요.
왜요?
1층에 화장실이 있어요.
그러면 사람들이 화장실만 가요.
옷을 안 사요.
그래서 2층부터 화장실이 있어요.
시계가 있어요.
그러면 사람들이 시계를 봐요.
빨리 집에 가요.
옷을 안 사요.
그래서 시계가 없어요.","The department store near my house doesn't have a restroom on the first floor.
There's also no clock.
Why?
There is a restroom on the first floor.
Then people only go to the restroom.
They don’t buy clothes.
So, there are restrooms starting from the second floor.
There is a clock.
Then people look at the clock.
They go home early.
They don’t buy clothes.
So, there is no clock.",TTMIK Stories Level 1 Articles 화장실이 없어요,,
1,"이번 여름 방학에 여행을 해요.
부산에 가요.
저는 바다를 좋아해요.
부산에서 바다를 보고 싶어요.
바다에서 사진을 찍고 싶어요.
시장에 가고 싶어요.
시장에서 호떡을 먹고 싶어요.
부산에 친구가 있어요.
친구를 만나고 싶어요.","I’m going on a trip this summer vacation.
I'm going to Busan.
I like the sea.
I want to see the sea in Busan.
I want to take photos at the sea.
I want to go to the market.
I want to eat hotteok at the market.
I have a friend in Busan.
I want to meet my friend.",TTMIK Stories Level 1 Articles 부산에 가요,,
1,"저는 한국 친구가 있어요.
그 친구랑 저는 학교에서 옆자리에 앉았어요.
어느 날, 저는 지우개를 안 가지고 왔어요.
그 친구가 지우개를 빌려줬어요.
한국 과자도 줬어요.
우리는 친해졌어요.
그 친구는 작년에 한국에 돌아갔어요.
그 친구를 다시 만나고 싶어요.
한국에 가고 싶어요.","I have a Korean friend.
That friend and I sat next to each other at school.
One day, I didn’t bring an eraser.
That friend lent me an eraser.
They also gave me Korean snacks.
We became close.
That friend went back to Korea last year.
I want to see that friend again.
I want to go to Korea.",TTMIK Stories Level 1 Articles 한국 친구,,
1,"저는 수영을 배워요.
토요일에 수영장에 가요.
아침부터 점심까지 수영을 해요.
수영장에 사람이 많아요.
사람들이 모두 수영을 해요.
수영 선생님이 친절해요.
수영이 재미있어요.
다음 주에 바다에 가요.
바다에서 수영을 하고 싶어요.","I learn swimming.
I go to the swimming pool on Saturday.
I swim from the morning until lunchtime.
There are many people at the swimming pool.
Everyone swims.
The swimming teacher is kind.
Swimming is fun.
I go to the sea next week.
I want to swim in the sea.",TTMIK Stories Level 1 Articles 수영을 배워요,,
1,"이것은 뭐예요?
이것은 한국 음식이에요.
한국 사람들은 여름에 이것을 먹어요.
날씨가 더워요.
너무 피곤해요.
그러면 이것을 먹어요.
이것은 차갑지 않아요.
뜨거워요.
이것은 맛있어요.
건강에 좋아요.
맞아요!
이것은 삼계탕이에요.","What is this?
This is Korean food.
Korean people eat this in the summer.
The weather is hot.
I'm very tired.
In that case, eat this.
This is not cold.
It's hot.
This is delicious.
It's good for your health.
That's right!
This is samgyetang.",TTMIK Stories Level 1 Articles 삼계탕을 먹어요,,
1,"어제 친구를 만났어요.
PC방에 갔어요.
PC방에서 게임을 했어요.
카페에 갔어요.
카페에서 커피를 마셨어요.
식당에 갔어요.
식당에서 비빔밥을 먹었어요.
어제 정말 재미있었어요.
친구를 또 만나고 싶어요.
같이 놀고 싶어요.","I met my friend yesterday.
I went to the internet café.
I played games at the internet café.
I went to the cafe.
I drank coffee at the cafe.
I went to the restaurant.
I ate bibimbap at the restaurant.
Yesterday was really fun.
I want to meet my friend again.
I want to hang out together.",TTMIK Stories Level 1 Articles 어제 친구를 만났어요,,
1,"저는 매일 학교에 가요.
저는 월요일부터 금요일까지 학교에 가요.
주말에는 안 가요.
아침부터 저녁까지 수업이 있어요.
수업은 9시에 시작해요.
하지만 저는 7시 30분까지 학교에 가요.
왜요?
저는 학생이 아니에요.
저는 선생님이에요.","I go to school every day.
I go to school from Monday to Friday.
I don't go on weekends.
We have classes from morning until evening.
Classes start at 9 o’clock.
But I go to school by 7:30.
Why?
I am not a student.
I am a teacher.",TTMIK Stories Level 1 Articles 매일 학교에 가요,,
1,"우리 동네에 도서관이 생겼어요.
1층에 커피숍이 있어요.
화장실이 있어요.
어린이 책이 있어요.
2층부터 3층까지 어른 책이 있어요.
사람들이 여기에서 책을 읽어요.
4층에는 컴퓨터실이 있어요.
책은 없어요.
여기에서 영화를 봐요.
저는 4층이 좋아요.","A library opened in our neighborhood.
There is a coffee shop on the first floor.
There is a restroom.
There are children's books.
There are books for adults on the second and third floors. 
People read books here.
There is a computer room on the fourth floor.
There are no books.
People watch movies here. 
I like the fourth floor.",TTMIK Stories Level 1 Articles 도서관이 생겼어요,,
1,"저는 기숙사에 살아요.
기숙사가 좋아요.
기숙사에 책상이 있어요.
침대가 있어요.
창문이 있어요.
저는 기숙사에서 숙제해요.
게임해요.
자요.
기숙사에서 요리는 하지 않아요.
술을 마시지 않아요.
담배를 피우지 않아요.","I live in the dormitory.
The dormitory is nice.
There is a desk in the dormitory.
There is a bed.
There is a window.
I do my homework in the dormitory.
I play games.
I sleep.
I don't cook in the dormitory.
I don't drink alcohol.
I don't smoke.",TTMIK Stories Level 1 Articles 기숙사에 살아요,,
1,"여러분은 아침을 먹어요?
저는 매일 아침을 먹어요.
사과, 계란을 먹어요.
건강에 좋아요.
제 친구는 아침에 우유를 마셔요.
저는 우유를 안 마셔요.
배가 아파요.
그래서 물을 마셔요.
건강에 좋아요.","Do you eat breakfast?
I eat breakfast every day.
I  eat apples and eggs.
It's good for your health.
My friend drinks milk in the morning.
I don't drink milk.
My stomach hurts.
So I drink water.
It's good for your health.",TTMIK Stories Level 1 Articles 아침을 먹어요,,
1,"지난 주말에 제주도에 갔어요.
제주도에 산이 있어요.
그 산의 이름은 한라산이에요.
산이 예뻐요.
저는 등산을 하고 싶었어요.
그렇지만 날씨가 안 좋았어요.
비가 왔어요.
저는 등산을 안 했어요.
산 근처에서 산책했어요.
그리고 사진을 찍었어요.","I went to Jeju Island last weekend.
There is a mountain on Jeju Island.
The name of that mountain is Hallasan.
The mountain is beautiful.
I wanted to go hiking.
But the weather was not good.
It rained.
I didn't go hiking.
I took a walk near the mountain.
And I took pictures.",TTMIK Stories Level 1 Articles 제주도에 갔어요,,
1,"어제 한국에서 야구장에 처음 갔어요.
저는 사실 야구를 잘 몰라요.
하지만 야구장은 아주 재미있었어요.
야구장에서 치킨을 먹었어요.
야구장에 사람들이 아주 많았어요.
같이 노래했어요.
정말 기분이 좋았어요.","Yesterday, I went to a baseball stadium in Korea for the first time.
To be honest, I don't really know much about baseball.
But being at the stadium was really fun.
I ate chicken at the baseball stadium.
There were a lot of people at the baseball stadium.
We sang together.
I felt really good.",TTMIK Stories Level 1 Articles 야구장에서,,
1,"저는 강아지, 고양이가 있어요.
강아지는 매일 산책해요.
그렇지만 고양이는 산책하지 않아요.
강아지는 운동을 좋아해요.
그렇지만 고양이는 운동을 좋아하지 않아요.
강아지는 같이 놀고 싶어 해요.
그렇지만 고양이는 혼자 놀고 싶어 해요.","I have a dog and a cat.
The dog goes for a walk every day.
However, the cat does not go for walks.
The dog likes exercise.
However, the cat does not like exercise.
The dog wants to play together.
However, the cat wants to play alone.","TTMIK Stories Level 1 Articles 강아지, 고양이",,
1,"돈이 많아요.
그러면 뭐 하고 싶어요?
저는 백화점에 가고 싶어요.
백화점에서 쇼핑하고 싶어요.
가방을 사고 싶어요.
그리고 여행을 하고 싶어요.
세계 여행을 하고 싶어요.
세계의 음식을 모두 먹고 싶어요.
사진을 많이 찍고 싶어요.","I have a lot of money.
Then what do you want to do?
I want to go to a department store.
I want to shop at the department store.
I want to buy a bag.
And I want to travel.
I want to go on a world trip.
I want to eat all the foods of the world.
I want to take a lot of photos.",TTMIK Stories Level 1 Articles 돈이 많아요,,
1,"한국 엘리베이터에 가끔 4층이 없어요.
옛날에 한국 사람은 '4'를 좋아하지 않았어요.
왜요?
4는 '사망'의 '사'랑 발음이 같아요.
'사망'은 뭐예요?
'죽다'예요.
그래서 '4'를 쓰지 않아요.
'F'를 써요.
F층이 4층이에요.","Sometimes, there is no 4th floor in Korean elevators.
In the past, Korean people didn't like the number '4.'
Why?
The number 4 and the 'sa' in 'death' have the same pronunciation.
What does 'samang' (death) mean?
It means 'to die.'
That's why they don't use the number '4.'
They use 'F.'
The F floor is the 4th floor.",TTMIK Stories Level 1 Articles 엘리베이터에 4층이 없어요,,
1,"여러분의 나라는 크리스마스에 학교에 가요?
회사에 가요?
쉬어요?
한국은 크리스마스에 쉬어요.
일을 하지 않아요.
학교에 가지 않아요.
중국, 일본, 베트남은 크리스마스에 쉬지 않아요.
크리스마스에 일해요.","In your country, do you go to school on Christmas?
Do you go to work?
Do you get the day off?
In Korea, people rest on Christmas.
People do not work.
People do not go to school.
In China, Japan, and Vietnam, people do not rest on Christmas.
People work on Christmas.",TTMIK Stories Level 1 Articles 크리스마스에 일해요,,
1,"아이가 태어났어요.
엄마는 너무 힘들어요.
너무 아파요.
어떻게 해요?
한국에서는 미역국을 먹어요.
미역국은 건강에 아주 좋아요.
엄마는 힘이 나요.
그래서 한국 사람은 생일에 미역국을 먹어요.
그리고 엄마를 생각해요.
엄마한테 감사해요.","A baby was born.
Mom is having a very hard time.
It hurts a lot.
What should (we/I) do?
In Korea, people eat seaweed soup.
Seaweed soup is very good for health.
Mom gains strength.
So, Korean people eat seaweed soup on their birthdays.
And they think of their mom.
They are thankful to their mom.",TTMIK Stories Level 1 Articles 생일에 미역국을 먹어요,,
1,"한국에서는 아이의 첫 생일에 파티를 해요.
그 파티의 이름은 ‘돌잔치'예요.
아이 앞에 여러 가지 물건을 둬요.
그리고 아이가 물건을 하나 잡아요.
돈을 잡아요?
부자가 돼요.
공을 잡아요?
운동선수가 돼요.
마이크를 잡아요?
연예인이 돼요.
이렇게 생각해요.","In Korea, people have a party for a child's first birthday.
The name of that party is 'doljanchi.'
They place various objects in front of the child.
And the child grabs one of the objects.
Do they grab the money?
They become rich.
Do they grab the ball?
They become an athlete.
Do they grab the microphone?
They become a celebrity.
This is how people think.",TTMIK Stories Level 1 Articles 첫 생일 파티를 해요,,
1,"우유를 사고 싶어요.
마트에 갔어요.
마트에 물건이 아주 많았어요.
저는 물건을 구경했어요.
과자가 아주 쌌어요.
과자를 샀어요.
라면이 쌌어요.
라면도 샀어요.
그리고 집에 왔어요.
물건을 정리했어요.
아! 우유를 안 샀어요.
다시 마트에 가요.","I want to buy milk.
I went to the store.
There were a lot of products in the store.
I browsed the products.
The snacks were very cheap.
I bought snacks.
The ramen was cheap.
I also bought ramen.
And then I came home.
I organized the products.
Oh! I didn't buy milk.
I go to the store again.",TTMIK Stories Level 1 Articles 다시 마트에 가요,,
1,"저는 아이가 둘 있어요.
아이들은 오늘 초콜릿을 먹었어요.
""엄마, 초콜릿이 맛있어요.
초콜릿 또 먹고 싶어요.""
""초콜릿 없어요.
다음에 먹어요.""
""초콜릿 있어요.
동생 얼굴에 있어요.""
아이는 동생 얼굴에 있는 초콜릿을 먹었어요.
너무 귀여워요.","I have two children.
The children ate chocolate today.
""Mom, the chocolate is delicious.
I want to eat chocolate again.""
""There's no chocolate.
""Let's eat (it) next time.""
""There is chocolate.
""It's on my little sibling's face.""
The child ate the chocolate that was on their younger sibling's face.
So cute.",TTMIK Stories Level 1 Articles 초콜릿을 먹어요,,
1,"저는 핸드폰을 많이 사용해요.
핸드폰으로 쇼핑을 해요.
그리고 영화, 드라마를 봐요.
게임을 해요.
아침부터 밤까지 핸드폰을 봐요.
배터리가 없어요.
그러면 저는 기분이 안 좋아요.
그리고 요즘 눈이 너무 아파요.
의사가 말했어요.
""핸드폰을 너무 많이 썼어요.
그래서 아파요.""","I use my phone a lot.
I shop using my phone.
And I watch movies and dramas.
I play games.
I look at my phone from morning to night.
There is no battery.
Then I feel bad.
And these days, my eyes hurt a lot.
The doctor said.
""You used your phone too much.
""So it hurts.""",TTMIK Stories Level 1 Articles 핸드폰을 너무 많이 썼어요,,
1,"어제 노래방에 갔어요.
노래방에서 노래했어요.
그리고 노래방에서 주스를 마셨어요.
친구는 콜라를 마셨어요.
저는 노래를 많이 했어요.
친구는 노래를 안 했어요.
춤을 췄어요.
너무 재미있었어요.
내일 또 노래방에 가고 싶어요.","I went to the karaoke yesterday.
I sang at the karaoke.
And I drank juice at the karaoke.
My friend drank cola.
I sang a lot.
My friend didn’t sing.
I danced.
It was really fun.
I want to go to the karaoke again tomorrow.",TTMIK Stories Level 1 Articles 노래방에 갔어요,,
1,"무슨 과일을 좋아해요?
저는 딸기를 아주 좋아해요.
여름에 딸기가 아주 비싸요.
그래서 자주 안 먹어요.
여름에는 딸기 아이스크림, 딸기 주스를 마셔요.
겨울에 딸기가 비싸지 않아요.
아주 싸요.
그래서 자주 먹어요.
딸기는 정말 맛있어요.","What kind of fruit do you like?
I really like strawberries.
Strawberries are very expensive in summer.
So I don't eat them often.
In the summer, I drink strawberry ice cream and strawberry juice.
Strawberries are not expensive in winter.
They are very cheap.
So I eat them often.
Strawberries are really delicious.",TTMIK Stories Level 1 Articles 딸기를 좋아해요,,
1,"어렸을 때 무슨 음식을 좋아했어요?
저는 사탕을 아주 좋아했어요.
그렇지만 엄마는 저한테 사탕을 많이 주지 않았어요.
저는 너무 슬펐어요.
지금 제 방에 사탕이 아주 많아요.
그렇지만 많이 먹지 않아요.
지금은 사탕을 좋아하지 않아요.","What kind of food did you like when you were young?
I really liked candy.
But my mom didn’t give me much candy.
I was very sad.
Now, there is a lot of candy in my room.
But I don’t eat much.
Now I don’t like candy.",TTMIK Stories Level 1 Articles 지금은 좋아하지 않아요,,
1,"한국 음식에 고추가 들어가요.
김치, 라면, 떡볶이에 고추가 들어가요.
고추는 아주 매워요.
그래서 김치, 라면, 떡볶이는 매워요.
저는 고추를 안 좋아해요.
그래서 불고기, 삼계탕, 갈비를 먹어요.
이 음식들에는 고추가 안 들어가요.","Red chili peppers are used in Korean food.
Red chili peppers are in kimchi, ramen, and tteokbokki.
Chili peppers are very spicy.
So kimchi, ramen, and tteokbokki are spicy.
I don't like chili peppers.
So I eat bulgogi, samgyetang, and galbi.
Chili peppers are not used in these foods.",TTMIK Stories Level 1 Articles 고추가 매워요,,
1,"한국에 스키장이 많이 있어요.
저는 스키를 좋아해요.
그래서 겨울에 스키장에 자주 가요.
어디 스키장에 자주 가요?
K 스키장에 자주 가요.
K 스키장이 가까워요.
서울에서 지하철을 타요.
서울에서 스키장까지 40분 걸려요.
멀지 않아요.","There are many ski resorts in Korea.
I like skiing.
So I often go to ski resorts in the winter.
Which ski resort do you go to often?
I often go to K Ski Resort.
K Ski Resort is close.
I take the subway from Seoul.
It takes 40 minutes from Seoul to the ski resort.
It’s not far.",TTMIK Stories Level 1 Articles 스키장에 가요,,
1,"책을 읽고 싶어요.
안경이 어디에 있어요?
안경이 없어요.
저는 안경을 찾아요.
안경이 화장실에 있어요?
없어요.
방에 있어요?
없어요.
엄마한테 물어요.
“엄마, 제 안경 봤어요?”
엄마가 저한테 거울을 줬어요.
저는 거울을 봤어요.
앗!
안경이 제 얼굴에 있었어요.","I want to read a book.
Where are my glasses?
I don't have my glasses.
I am looking for my glasses.
Are my glasses in the bathroom?
No, they're not (there).
Are my glasses in my room?
No, they're not (there).
I ask mom.
""Mom, did you see my glasses?""
Mom gave me a mirror.
I looked in the mirror
Oh!
The glasses were on my face.",TTMIK Stories Level 1 Articles 안경이 어디에 있어요?,,
1,"우리 할머니 무릎은 일기 예보예요.
할머니가 말해요.
“무릎이 아파. 내일 비가 올 거야.” 
그러면 정말 내일 비가 와요.
신기해요.
오늘 제 무릎이 너무 아파요.
저는 일기 예보를 봤어요.
내일 비가 와요.
제 무릎도 일기 예보가 됐어요.","My grandmother's knee is a weather forecast.
Grandma speaks.
""My knee hurts. It's going to rain tomorrow.""
Then, it really rains tomorrow.
It's amazing.
Today, my knee really hurts.
I watched the weather forecast.
It will rain tomorrow.
My knee also became a weather forecast.",TTMIK Stories Level 1 Articles 무릎이 아파요,,
1,"아침에 비가 왔어요.
그래서 우산을 썼어요.
버스를 탔어요.
회사 앞에서 내렸어요.
아! 우산을 잊었어요!
버스에 있어요!
비가 계속 와요.
우산을 다시 샀어요.
퇴근을 해요.
버스를 탔어요.
아! 이 버스에 제 우산이 있어요!
저는 이제 우산이 두 개예요.","It rained in the morning.
So, I used an umbrella.
I took the bus.
I got off in front of the company.
Ah! I forgot my umbrella!
It is on the bus!
It keeps raining.
I bought another umbrella.
I'm leaving work.
I took the bus.
Ah! My umbrella is on this bus!
Now I have two umbrellas.",TTMIK Stories Level 1 Articles 우산이 2개 있어요,,
1,"마트에서 물건의 가격을 봐요.
과자는 990원이에요.
우유는 1,990원,
바나나는 2,990원이에요.
왜 모두 '990'이에요?
1,000원하고 990원은 비슷해요.
그렇지만 사람들은 이렇게 생각해요.
'1,000원은 비싸요.
990원은 싸요.'","I look at the prices of items at the mart.
Snacks are 990 won.
Milk is 1,990 won,
Bananas are 2,990 won.
Why are they all '990'?
1,000 won and 990 won are similar.
However, people think like this.
'1,000 won is expensive.
990 won is cheap.'",TTMIK Stories Level 1 Articles 990원,,
1,"저는 한국 친구가 한 명 있어요.
그 친구는 외국어 공부를 좋아해요.
지금까지 중국어, 일본어, 영어를 공부했어요.
그런데 그 친구가 말했어요.
“스페인어를 공부하고 싶어요.” 
저는 요즘 그 친구한테 스페인어를 가르쳐요.
그 친구는 저한테 한국어를 가르쳐요.","I have one Korean friend.
That friend likes studying foreign languages.
Until now, (they) have studied Chinese, Japanese, and English.
But that friend said.
""I want to study Spanish.""
These days, I teach Spanish to that friend.
That friend teaches Korean to me.",TTMIK Stories Level 1 Articles 외국어 공부를 좋아해요,,
1,"저는 리사예요.
40살이에요.
여자예요.
요즘 금요일에 축구를 해요.
1시부터 3시까지 해요.
제 친구들은 축구를 하지 않아요.
친구들은 요가를 많이 해요.
그렇지만 축구도 정말 재미있어요.
저는 열심히 축구를 배워요.
제 아이한테 축구를 가르치고 싶어요.","I am Lisa.
I am 40 years old.
I am a woman.
These days, I play soccer on Fridays.
I play (soccer) from 1 to 3 o’clock.
My friends don’t play soccer.
My friends do yoga a lot.
But soccer is also really fun.
I'm working hard to learn soccer.
I want to teach soccer to my child.",TTMIK Stories Level 1 Articles 축구를 해요,,
1,"저는 혼자 살아요.
집은 조금 작아요.
하지만 집이 예뻐요.
냉장고에는 음식이 많이 있어요.
벽에는 가족 사진이 있어요.
방에는 향기가 나요.
저는 제 집이 좋아요.
그렇지만 가끔 가족이 보고 싶어요.
그러면 가족에게 전화를 해요.
저는 다시 힘이 나요!","I live alone.
The house is a bit small.
But the house is pretty.
There is a lot of food in the refrigerator.
There is a family photo on the wall.
The room smells nice.
I like my house.
But sometimes I miss my family.
Then I call my family.
I feel energized again!",TTMIK Stories Level 1 Articles 저는 혼자 살아요,,
1,"5월 8일은 한국의 ‘어버이날’이에요.
‘어버이날’은 엄마, 아빠의 날이에요.
한국에서는 어버이날에 엄마, 아빠한테 카네이션을 줘요.
그래서 이날은 꽃집에서 카네이션을 많이 팔아요.
그리고 엄마, 아빠한테 이렇게 말해요.
엄마, 아빠, 감사해요.
그리고 사랑해요!","May 8th is Parents' Day in Korea.
'Parents' Day' is the day for moms and dads.
In Korea, on Parents’ Day, people give carnations to their moms and dads.
So on this day, flower shops sell a lot of carnations.
And they say this to their moms and dads.
Mom, Dad, thank you.
And I love you!",TTMIK Stories Level 1 Articles 어버이날,,
1,"오늘 한국 친구를 만났어요.
친구가 저한테 말했어요.
“안녕! 밥 먹었어?” 
저는 밥을 안 먹었어요.
빵을 먹었어요.
그래서 이렇게 말했어요.
""아니, 밥 안 먹었어.” 
""그래? 왜 안 먹었어?” 
""빵 먹었어.” 
친구가 웃었어요.
한국에서 '밥 먹었어?'는 그냥 인사예요.","Today, I met my Korean friend.
My friend said to me.
""Hi! Did you eat?""
I didn't eat rice.
I ate bread.
So I said this.
""No, I didn't eat rice.""
""Really? Why didn't you eat?""
""I ate bread.""
My friend laughed.
In Korea, 'Did you eat?' is just a greeting.",TTMIK Stories Level 1 Articles 밥 먹었어요?,,
1,"서울에 유명한 강이 있어요.
강의 이름은 ‘한강’이에요.
강이 아주 커요.
강 근처에 공원이 있어요.
‘한강 공원’이에요.
사람들은 한강 공원에 많이 가요.
한강 공원에서 운동을 해요.
데이트도 해요.
가족들은 한강 공원에 소풍을 가요.
한강에서 배를 타요.
한강은 정말 좋아요.","There is a famous river in Seoul.
The name of the river is 'Hangang River.'
The river is very big.
There is a park near the river.
It's Hangang River Park.
People go to Hangang River Park a lot.
They exercise at Hangang River Park.
They also go on dates.
Families go on picnics to Hangang River Park.
They ride boats on the Han River.
The Han River is really great.",TTMIK Stories Level 1 Articles 한강,,
1,"저는 옷이 많아요.
그렇지만 이 옷은 요즘 입지 않아요.
저 옷도 요즘 입지 않아요.
이 옷들을 어떻게 해요?
버려요?
버리지 않아요.
저는 ‘중고 시장’에 옷을 팔아요.
요즘은 인터넷에도 중고 시장이 있어요.
어떤 사람이 제 옷을 샀어요.
야호! 저는 돈을 벌었어요.","I have a lot of clothes.
But these days I don't wear some of these clothes.
I don’t wear those clothes these days, either.
What should I do with these clothes?
Should I throw them away?
I don’t throw them away.
I sell clothes at the ‘secondhand market’.
These days, there is even a secondhand market on the internet.
Someone bought my clothes.
Yay! I earned money.",TTMIK Stories Level 1 Articles 중고 시장,,
1,"운동을 하고 싶어요.
그렇지만 날씨가 안 좋아요.
어디에서 운동을 해요?
저는 계단에서 해요.
엘리베이터를 타지 않아요.
계단을 올라가요.
1층부터 20층까지 올라가요.
다이어트에 아주 좋아요.
그렇지만 계단을 내려가지 않아요.
무릎이 너무 아파요.","I want to exercise.
But the weather isn’t good.
Where do you exercise?
I do it on the stairs.
I don’t take the elevator.
I go up the stairs.
I go up from the 1st floor to the 20th floor.
It’s very good for dieting.
But I don’t go down the stairs.
My knee really hurts.",TTMIK Stories Level 1 Articles 계단을 올라가요,,
1,"강아지하고 산책을 해요.
강아지가 저보다 앞에 가요.
그리고 저를 봐요.
다시 저보다 앞에 가요.
그리고 또 저를 봐요.
강아지는 왜 저를 봐요?
거기부터 여기까지 안전해요.
내가 먼저 봤어요.
괜찮아요. 여기에 와요.'
강아지는 이렇게 생각해요.","I take a walk with my dog.
My dog goes ahead of me.
And then it looks at me.
Again, it goes ahead of me.
And again, it looks at me.
Why does my dog look at me?
It's safe from there to here.
I saw it first (that the road is safe).
It's okay. Come here.
The dog thinks like this.",TTMIK Stories Level 1 Articles 강아지하고 산책해요,,
1,"경복궁을 알아요?
경복궁은 서울에 있어요.
옛날에 왕이 경복궁에서 살았어요.
지금은 경복궁에 사람이 살지 않아요.
관광지예요.
외국 사람, 한국 사람 모두 경복궁에 많이 가요.
봄에는 꽃이 예뻐요.
가을에는 나무가 예뻐요.","Do you know Gyeongbokgung?
Gyeongbokgung is in Seoul.
Long ago, the king lived in Gyeongbokgung.
Now, no one lives in Gyeongbokgung.
It's a tourist attraction.
Both foreigners and Koreans go to Gyeongbokgung a lot.
The flowers are beautiful in the spring.
The trees are beautiful in the fall.",TTMIK Stories Level 1 Articles 경복궁,,
1,"저는 오늘 처음 요리를 했어요.
갈비를 만들었어요.
엄마랑 같이 먹었어요.
""엄마, 갈비 어때요?""
""너무 맛있어.""
저도 갈비를 먹었어요.
너무 맛없었어요.
""엄마, 이거 너무 맛없어요.""
""아니야. 갈비에 네 사랑이 들어갔어.
그래서 너무 맛있어.""","Today, I cooked for the first time.
I made galbi.
I ate together with my mom.
""Mom, how is the galbi?""
""It's really delicious.""
I also ate the galbi.
It was really bad.
""Mom, this really tastes bad.""
""No. Your love went into the galbi.
""So, it’s really delicious.""",TTMIK Stories Level 1 Articles 처음 요리했어요,,
1,"오늘 한국 친구하고 쇼핑했어요.
저는 이렇게 말했어요.
“옷이 맛있어요!” 
친구가 웃었어요.
“옷은 ‘멋있어요’예요.” 
우리는 식당에 갔어요.
삼계탕을 먹었어요.
저는 이렇게 말했어요.
“삼계탕이 멋있어요!” 
친구가 또 웃었어요.
“삼계탕은 ‘맛있어요’예요.” 
저도 같이 웃었어요.","Today, I went shopping with my Korean friend.
This is what I said.
""The clothes are delicious!""
My friend laughed.
""For clothes, you say '멋있어요' (cool).""
We went to a restaurant.
We ate samgyetang.
I said it like this.
""The samgyetang is cool!""
My friend laughed again.
""For samgyetang, you say '맛있어요' (delicious).""
I laughed together too.",TTMIK Stories Level 1 Articles 옷이 멋있어요,,
1,"한국 지하철에는 분홍색 자리가 있어요.
이 자리에 사람들이 앉지 않아요.
왜 앉지 않아요?
이 자리에 누가 앉아요?
‘임산부’가 앉아요.
임산부는 몸이 너무 힘들어요.
그래서 임산부 자리를 만들었어요.
임산부가 아니에요?
분홍색 자리에 앉지 마세요.","There are pink seats on the Korean subway.
People don’t sit in these seats.
Why don't they sit there?
Who sits in these seats?
Pregnant women sit (there).
Pregnant women’s bodies have a hard time.
So they made seats for pregnant women.
You're not pregnant?
Please don’t sit in the pink seats.",TTMIK Stories Level 1 Articles 분홍색 자리,,
1,"내일 시험이 있어요.
도서관에서 공부해요.
책상이 안 깨끗해요.
책상을 청소해요.
가방에서 볼펜을 찾아요.
볼펜이 없어요.
그래서 문구점에 가요.
볼펜을 사요.
다시 도서관에 와요.
이제 진짜 공부를 하고 싶어요.
책을 찾아요.
가방에 책이 없어요.
정말 큰일 났어요.","I have a test tomorrow.
I study at the library.
The desk isn't clean.
I clean the desk.
I search for a pen in my bag.
There isn't a pen.
So I go to the stationery store.
I buy a pen.
I come back to the library.
Now I really want to study.
I look for a book.
There isn't a book in my bag.
I'm in big trouble now.",TTMIK Stories Level 1 Articles 큰일 났어요,,
1,"조금 전에 메시지가 왔어요.
- 수지야, 내일 7시에 고고식당에서 내 생일 파티를 해. 꼭 와.
  저는 수지가 아니에요.
그래서 메시지를 보냈어요.
- 저는 수지가 아니에요.
저는 세나예요.
생일 축하해요!
- 어머, 죄송해요.
그리고 고마워요.
세나 씨도 제 생일 파티에 와요!
 - 정말요? 좋아요!
저는 새 친구가 생겼어요.","A message came a little while ago.
- Suji, I’m having my birthday party at Gogo Restaurant at 7 tomorrow. Please be sure to come.
I'm not Suji.
So I sent a message.
- I am not Suji.
I'm Sena.
Happy birthday!
- Oh my, I'm sorry.
And thank you.
Sena, you should come to my birthday party too!
- Really? Sounds good!
I made a new friend.",TTMIK Stories Level 1 Articles 메시지가 왔어요,,
1,"저는 요즘 기타를 배워요.
인터넷으로 배워요.
인터넷에 기타 수업이 많아요.
기타는 조금 어려워요.
그리고 손이 너무 아파요.
그렇지만 정말 재미있어요.
저는 매일 열심히 연습해요.
나중에 길에서 기타 공연을 하고 싶어요.","These days, I am learning the guitar.
I learn through the internet.
There are many guitar classes on the internet.
The guitar is a bit difficult.
And my hands hurt a lot.
But it’s really fun.
I practice hard every day.
Someday, I want to perform on the street with my guitar.",TTMIK Stories Level 1 Articles 기타를 배워요,,
1,"저는 커피를 좋아해요.
매일 카페에 가요.
저는 카페에서 종이컵을 쓰지 않아요.
제 ‘텀블러’를 써요.
왜 텀블러를 써요?
종이컵 쓰레기가 생기지 않아요.
제 가방에 항상 텀블러가 있어요.
여러분은 텀블러를 써요?","I like coffee.
I go to the cafe every day.
I don't use paper cups at the cafe.
I use my tumbler.
Why do I use a tumbler?
It doesn't create paper cup waste.
There is always a tumbler in my bag.
Do you use a tumbler?",TTMIK Stories Level 1 Articles 텀블러를 써요,,