level,text_korean,text_english,source
1,가,,
1,개,,
1,갸,,
1,거,,
1,게,,
1,겨,,
1,고,,
1,교,,
1,구,,
1,규,,
1,그,,
1,기,,
1,나,,
1,내,,
1,냐,,
1,너,,
1,네,,
1,녀,,
1,노,,
1,뇨,,
1,누,,
1,뉴,,
1,느,,
1,니,,
1,다,,
1,대,,
1,댜,,
1,더,,
1,데,,
1,뎌,,
1,도,,
1,됴,,
1,두,,
1,듀,,
1,드,,
1,디,,
1,라,,
1,래,,
1,랴,,
1,러,,
1,레,,
1,려,,
1,로,,
1,료,,
1,루,,
1,류,,
1,르,,
1,리,,
1,마,,
1,매,,
1,먀,,
1,머,,
1,메,,
1,며,,
1,모,,
1,묘,,
1,무,,
1,뮤,,
1,므,,
1,미,,
1,바,,
1,배,,
1,뱌,,
1,버,,
1,베,,
1,벼,,
1,보,,
1,뵤,,
1,부,,
1,뷰,,
1,브,,
1,비,,
1,사,,
1,새,,
1,샤,,
1,서,,
1,세,,
1,셔,,
1,소,,
1,쇼,,
1,수,,
1,슈,,
1,스,,
1,시,,
1,아,,
1,애,,
1,야,,
1,어,,
1,에,,
1,여,,
1,오,,
1,요,,
1,우,,
1,유,,
1,으,,
1,이,,
1,자,,
1,재,,
1,쟈,,
1,저,,
1,제,,
1,져,,
1,조,,
1,죠,,
1,주,,
1,쥬,,
1,즈,,
1,지,,
1,차,,
1,채,,
1,챠,,
1,처,,
1,체,,
1,쳐,,
1,초,,
1,쵸,,
1,추,,
1,츄,,
1,츠,,
1,치,,
1,카,,
1,캐,,
1,캬,,
1,커,,
1,케,,
1,켜,,
1,코,,
1,쿄,,
1,쿠,,
1,큐,,
1,크,,
1,키,,
1,타,,
1,태,,
1,탸,,
1,터,,
1,테,,
1,텨,,
1,토,,
1,툐,,
1,투,,
1,튜,,
1,트,,
1,티,,
1,파,,
1,패,,
1,퍄,,
1,퍼,,
1,페,,
1,펴,,
1,포,,
1,표,,
1,푸,,
1,퓨,,
1,프,,
1,피,,
1,하,,
1,해,,
1,햐,,
1,허,,
1,헤,,
1,혀,,
1,호,,
1,효,,
1,후,,
1,휴,,
1,흐,,
1,히,,
2,걔,,
2,계,,
2,과,,
2,괘,,
2,괴,,
2,궈,,
2,궤,,
2,귀,,
2,긔,,
2,까,,
2,깨,,
2,꺄,,
2,꺼,,
2,께,,
2,껴,,
2,꼬,,
2,꾜,,
2,꾸,,
2,뀨,,
2,끄,,
2,끼,,
2,냬,,
2,녜,,
2,놔,,
2,놰,,
2,뇌,,
2,눠,,
2,눼,,
2,뉘,,
2,늬,,
2,댸,,
2,뎨,,
2,돠,,
2,돼,,
2,되,,
2,둬,,
2,뒈,,
2,뒤,,
2,듸,,
2,따,,
2,때,,
2,땨,,
2,떠,,
2,떼,,
2,뗘,,
2,또,,
2,뚀,,
2,뚜,,
2,뜌,,
2,뜨,,
2,띠,,
2,럐,,
2,례,,
2,롸,,
2,뢔,,
2,뢰,,
2,뤄,,
2,뤠,,
2,뤼,,
2,릐,,
2,먜,,
2,몌,,
2,뫄,,
2,뫠,,
2,뫼,,
2,뭐,,
2,뭬,,
2,뮈,,
2,믜,,
2,봐,,
2,봬,,
2,뵈,,
2,붜,,
2,붸,,
2,뷔,,
2,븨,,
2,빠,,
2,빼,,
2,뺘,,
2,뻐,,
2,뻬,,
2,뼈,,
2,뽀,,
2,뾰,,
2,뿌,,
2,쀼,,
2,쁘,,
2,삐,,
2,섀,,
2,셰,,
2,솨,,
2,쇄,,
2,쇠,,
2,숴,,
2,쉐,,
2,쉬,,
2,싀,,
2,싸,,
2,쌔,,
2,쌰,,
2,써,,
2,쎄,,
2,쎠,,
2,쏘,,
2,쑈,,
2,쑤,,
2,쓔,,
2,쓰,,
2,씨,,
2,얘,,
2,예,,
2,와,,
2,왜,,
2,외,,
2,워,,
2,웨,,
2,위,,
2,의,,
2,쟤,,
2,졔,,
2,좌,,
2,좨,,
2,죄,,
2,줘,,
2,줴,,
2,쥐,,
2,즤,,
2,짜,,
2,째,,
2,쨔,,
2,쩌,,
2,쩨,,
2,쪄,,
2,쪼,,
2,쬬,,
2,쭈,,
2,쮸,,
2,쯔,,
2,찌,,
2,챼,,
2,쳬,,
2,촤,,
2,쵀,,
2,최,,
2,춰,,
2,췌,,
2,취,,
2,츼,,
2,컈,,
2,켸,,
2,콰,,
2,쾌,,
2,쾨,,
2,쿼,,
2,퀘,,
2,퀴,,
2,킈,,
2,턔,,
2,톄,,
2,톼,,
2,퇘,,
2,퇴,,
2,퉈,,
2,퉤,,
2,튀,,
2,틔,,
2,퍠,,
2,폐,,
2,퐈,,
2,퐤,,
2,푀,,
2,풔,,
2,풰,,
2,퓌,,
2,픠,,
2,햬,,
2,혜,,
2,화,,
2,홰,,
2,회,,
2,훠,,
2,훼,,
2,휘,,
2,희,,
3,각,,
3,같,,
3,갱,,
3,걷,,
3,겉,,
3,겐,,
3,겜,,
3,곧,,
3,곳,,
3,굴,,
3,깊,,
3,꺠,,
3,꼐,,
3,꽈,,
3,꽤,,
3,꾀,,
3,꿔,,
3,꿰,,
3,뀌,,
3,끠,,
3,낭,,
3,낮,,
3,낳,,
3,넘,,
3,넣,,
3,녘,,
3,녹,,
3,놓,,
3,늦,,
3,닐,,
3,닙,,
3,닫,,
3,닿,,
3,댈,,
3,댑,,
3,덩,,
3,덮,,
3,돔,,
3,둑,,
3,떄,,
3,뗴,,
3,똬,,
3,뙈,,
3,뙤,,
3,뚸,,
3,뛔,,
3,뛰,,
3,띄,,
3,랄,,
3,랍,,
3,런,,
3,룽,,
3,름,,
3,릭,,
3,맞,,
3,맥,,
3,멉,,
3,몬,,
3,묻,,
3,뭍,,
3,믕,,
3,믿,,
3,밈,,
3,밋,,
3,및,,
3,받,,
3,밭,,
3,뱀,,
3,뱃,,
3,벡,,
3,봅,,
3,분,,
3,붙,,
3,빚,,
3,빛,,
3,뺴,,
3,뼤,,
3,뽜,,
3,뽸,,
3,뾔,,
3,뿨,,
3,쀄,,
3,쀠,,
3,쁴,,
3,삼,,
3,삿,,
3,석,,
3,솥,,
3,숯,,
3,숲,,
3,습,,
3,신,,
3,썌,,
3,쎼,,
3,쏴,,
3,쐐,,
3,쐬,,
3,쒀,,
3,쒜,,
3,쒸,,
3,씌,,
3,앞,,
3,앱,,
3,앵,,
3,얻,,
3,엌,,
3,엔,,
3,옆,,
3,옷,,
3,욱,,
3,울,,
3,윷,,
3,잊,,
3,잎,,
3,잔,,
3,젖,,
3,젭,,
3,젱,,
3,좋,,
3,줏,,
3,즉,,
3,즐,,
3,짚,,
3,쨰,,
3,쪠,,
3,쫘,,
3,쫴,,
3,쬐,,
3,쭤,,
3,쮀,,
3,쮜,,
3,쯰,,
3,찾,,
3,책,,
3,챌,,
3,첩,,
3,청,,
3,촌,,
3,칫,,
3,캣,,
3,켈,,
3,콥,,
3,콩,,
3,쿤,,
3,쿰,,
3,탈,,
3,텟,,
3,퉁,,
3,튼,,
3,틈,,
3,팟,,
3,팥,,
3,펄,,
3,픙,,
3,핀,,
3,핌,,
3,핸,,
3,햄,,
3,헛,,
3,홀,,
3,힝,,
4,값,,
4,곬,,
4,깜,,
4,꺽,,
4,껭,,
4,꽂,,
4,꽃,,
4,꿋,,
4,끌,,
4,끕,,
4,넋,,
4,넓,,
4,늙,,
4,닭,,
4,닮,,
4,돐,,
4,뗄,,
4,뗍,,
4,똥,,
4,뚬,,
4,뜩,,
4,많,,
4,맑,,
4,몫,,
4,밝,,
4,밟,,
4,붉,,
4,빡,,
4,뻼,,
4,뻿,,
4,뿝,,
4,쁜,,
4,삶,,
4,싫,,
4,쌓,,
4,쌘,,
4,썸,,
4,썻,,
4,쏙,,
4,쏠,,
4,씹,,
4,앉,,
4,않,,
4,앎,,
4,얹,,
4,없,,
4,엾,,
4,옳,,
4,읊,,
4,읽,,
4,잃,,
4,젊,,
4,짭,,
4,짱,,
4,쩐,,
4,쫓,,
4,쯧,,
4,찍,,
4,찔,,
4,찮,,
4,핥,,
4,훑,,
4,흙,,
5,끓,,
5,뚫,,
5,짧,,