level,text_korean,text_english,source,parts of speech
1,나,"I, me",My First 500 Korean Words Book 1,명사
1,회사원,company employee,My First 500 Korean Words Book 1,명사
1,너무 ,"too, very",My First 500 Korean Words Book 1,부사
1,바쁘다,to be busy,My First 500 Korean Words Book 1,형용사
1,우리,"we, our",My First 500 Korean Words Book 1,명사
1,보통,"usually, usual, regular",My First 500 Korean Words Book 1,부사
1,주말,weekend,My First 500 Korean Words Book 1,명사
1,만나다,to meet,My First 500 Korean Words Book 1,동사
1,영화,movie,My First 500 Korean Words Book 1,명사
2,카페 ,cafe,My First 500 Korean Words Book 1,명사
1,매일 ,every day,My First 500 Korean Words Book 1,부사
1,일찍 ,early,My First 500 Korean Words Book 1,부사
1,일어나다,"to get up, to wake up",My First 500 Korean Words Book 1,동사
1,물,water,My First 500 Korean Words Book 1,명사
1,마시다,to drink,My First 500 Korean Words Book 1,동사
1,세수,washing one's face,My First 500 Korean Words Book 1,명사
1,옷,clothes,My First 500 Korean Words Book 1,명사
1,입다,"to wear, to put on",My First 500 Korean Words Book 1,동사
3,화장,make-up,My First 500 Korean Words Book 1,명사
1,회사,company,My First 500 Korean Words Book 1,명사
1,시험,"test, exam",My First 500 Korean Words Book 1,명사
1,의자,chair,My First 500 Korean Words Book 1,명사
1,책상,desk,My First 500 Korean Words Book 1,명사
2,더럽다,to be dirty,My First 500 Korean Words Book 1,형용사
1,위,"up, top",My First 500 Korean Words Book 1,명사
1,청소,cleaning,My First 500 Korean Words Book 1,명사
1,깨끗하다 ,to be clean,My First 500 Korean Words Book 1,형용사
1,공책,notebook,My First 500 Korean Words Book 1,명사
1,필통,pencil case,My First 500 Korean Words Book 1,명사
1,시작하다,"to begin, to start",My First 500 Korean Words Book 1,동사
3,배고프다,to be hungry,My First 500 Korean Words Book 1,형용사
2,아까,earlier,My First 500 Korean Words Book 1,부사
1,빵,bread,My First 500 Korean Words Book 1,명사
1,음료수,beverage,My First 500 Korean Words Book 1,명사
1,주다,to give,My First 500 Korean Words Book 1,동사
1,지금,now,My First 500 Korean Words Book 1,부사
3,배부르다,to be full (opposite of hungry),My First 500 Korean Words Book 1,형용사
2,졸다,to doze,My First 500 Korean Words Book 1,동사
1,선생님,teacher,My First 500 Korean Words Book 1,명사
2,무섭다,"to be scary, to be scared",My First 500 Korean Words Book 1,형용사
2,어린이,child,My First 500 Korean Words Book 1,명사
1,학교,school,My First 500 Korean Words Book 1,명사
1,가족,family,My First 500 Korean Words Book 1,명사
1,공원,park,My First 500 Korean Words Book 1,명사
1,많다,"to be a lot, to be numerous",My First 500 Korean Words Book 1,형용사
2,어른,"adult, grown-up",My First 500 Korean Words Book 1,명사
1,아기,baby,My First 500 Korean Words Book 1,명사
1,적다,"to be few, to be little",My First 500 Korean Words Book 1,형용사
3,신기하다,"to be interesting, to be fascinating",My First 500 Korean Words Book 1,형용사
1,어떻게,how,My First 500 Korean Words Book 1,부사
1,겨울 ,winter,My First 500 Korean Words Book 1,명사
1,방학,school vacation,My First 500 Korean Words Book 1,명사
1,할머니,grandmother,My First 500 Korean Words Book 1,명사
1,가다,to go,My First 500 Korean Words Book 1,동사
1,버스,bus,My First 500 Korean Words Book 1,명사
1,지하철,subway,My First 500 Korean Words Book 1,명사
1,타다,to ride,My First 500 Korean Words Book 1,동사
1,고양이,cat,My First 500 Korean Words Book 1,명사
2,동물,animal,My First 500 Korean Words Book 1,명사
1,놀다,"to hang out, to play",My First 500 Korean Words Book 1,동사
1,휴가 ,"vacation, leave",My First 500 Korean Words Book 1,명사
1,남자,man,My First 500 Korean Words Book 1,명사
1,여자,woman,My First 500 Korean Words Book 1,명사
3,샴푸,shampoo,My First 500 Korean Words Book 1,명사
3,린스,hair conditioner,My First 500 Korean Words Book 1,명사
2,속옷,underwear,My First 500 Korean Words Book 1,명사
2,양말,socks,My First 500 Korean Words Book 1,명사
3,드라이기,hairdryer,My First 500 Korean Words Book 1,명사
1,바지,pants,My First 500 Korean Words Book 1,명사
1,티셔츠,t-shirt,My First 500 Korean Words Book 1,명사
1,누나,older sister (for a boy),My First 500 Korean Words Book 1,명사
1,텔레비전,television,My First 500 Korean Words Book 1,명사
1,드라마,TV drama,My First 500 Korean Words Book 1,명사
1,뉴스,news,My First 500 Korean Words Book 1,명사
2,싸우다,"to fight, to argue",My First 500 Korean Words Book 1,동사
2,지다 ,to lose,My First 500 Korean Words Book 1,동사
1,방,room,My First 500 Korean Words Book 1,명사
1,닫다,to close,My First 500 Korean Words Book 1,동사
1,음악,music,My First 500 Korean Words Book 1,명사
1,듣다,"to listen, to hear",My First 500 Korean Words Book 1,동사
1,개 ,dog,My First 500 Korean Words Book 1,명사
1,있다 ,"to exist, to have, to be (at a place)",My First 500 Korean Words Book 1,형용사
1,이름,name,My First 500 Korean Words Book 1,명사
1,시간,time,My First 500 Korean Words Book 1,명사
1,살다,to live,My First 500 Korean Words Book 1,동사
2,죽다 ,to die,My First 500 Korean Words Book 1,동사
1,슬프다,to be sad,My First 500 Korean Words Book 1,형용사
1,동생,younger brother or sister,My First 500 Korean Words Book 1,명사
1,울다 ,to cry,My First 500 Korean Words Book 1,동사
2,눈물,tear,My First 500 Korean Words Book 1,명사
1,수영,swimming,My First 500 Korean Words Book 1,명사
2,수건,towel,My First 500 Korean Words Book 1,명사
1,가게,store,My First 500 Korean Words Book 1,명사
1,돈,money,My First 500 Korean Words Book 1,명사
1,빌리다,"to borrow, to rent",My First 500 Korean Words Book 1,동사
2,비누,soap,My First 500 Korean Words Book 1,명사
2,차갑다,to be cold,My First 500 Korean Words Book 1,형용사
2,어깨,shoulder,My First 500 Korean Words Book 1,명사
2,힘,"strength, power",My First 500 Korean Words Book 1,명사
1,가르치다,to teach,My First 500 Korean Words Book 1,동사
1,내일 ,tomorrow,My First 500 Korean Words Book 1,명사
1,친하다,to be close (with someone),My First 500 Korean Words Book 1,형용사
1,쓰다,"to write, to use, to be bitter",My First 500 Korean Words Book 1,동사
1,받다,to receive,My First 500 Korean Words Book 1,동사
1,기쁘다,"to be glad, to be happy",My First 500 Korean Words Book 1,형용사
1,선물,"present, gift",My First 500 Korean Words Book 1,명사
1,무엇,what,My First 500 Korean Words Book 1,부사
1,좋다,to be good,My First 500 Korean Words Book 1,형용사
2,귀고리,earrings,My First 500 Korean Words Book 1,명사
2,목걸이,necklace,My First 500 Korean Words Book 1,명사
1,오늘,today,My First 500 Korean Words Book 1,명사
1,생일,birthday,My First 500 Korean Words Book 1,명사
1,교실 ,classroom,My First 500 Korean Words Book 1,명사
1,먹다,to eat,My First 500 Korean Words Book 1,동사
1,친구,friend,My First 500 Korean Words Book 1,명사
1,노래,song,My First 500 Korean Words Book 1,명사
1,춤,dance,My First 500 Korean Words Book 1,명사
1,축하하다,"to congratulate, to celebrate",My First 500 Korean Words Book 1,동사
1,재미있다,to be fun,My First 500 Korean Words Book 1,형용사
1,하루,"day, one day",My First 500 Korean Words Book 1,명사
2,아빠,dad,My First 500 Korean Words Book 1,명사
1,바다,"sea, ocean",My First 500 Korean Words Book 1,명사
1,걷다,to walk,My First 500 Korean Words Book 1,동사
1,식당,restaurant,My First 500 Korean Words Book 1,명사
1,맛있다,to be delicious,My First 500 Korean Words Book 1,형용사
1,음식,food,My First 500 Korean Words Book 1,명사
1,커피,coffee,My First 500 Korean Words Book 1,명사
2,별,star,My First 500 Korean Words Book 1,명사
1,보다,"to see, to watch, to meet",My First 500 Korean Words Book 1,동사
2,행복하다,to be happy,My First 500 Korean Words Book 1,형용사
1,여름,summer,My First 500 Korean Words Book 1,명사
1,싫어하다 ,"to dislike, to hate",My First 500 Korean Words Book 1,동사
1,덥다,to be hot,My First 500 Korean Words Book 1,형용사
1,밖,outside,My First 500 Korean Words Book 1,명사
1,나가다,to go out,My First 500 Korean Words Book 1,동사
1,집,"house, home",My First 500 Korean Words Book 1,명사
1,에어컨,air conditioner,My First 500 Korean Words Book 1,명사
1,켜다,to turn on,My First 500 Korean Words Book 1,동사
1,시원하다,to be cool (temperature),My First 500 Korean Words Book 1,형용사
2,얼음 ,ice,My First 500 Korean Words Book 1,명사
2,벌써,already,My First 500 Korean Words Book 1,부사
1,밤,night,My First 500 Korean Words Book 1,명사
1,침대,bed,My First 500 Korean Words Book 1,명사
2,눕다,to lie down,My First 500 Korean Words Book 1,동사
1,잠,sleep,My First 500 Korean Words Book 1,명사
1,화장실,bathroom,My First 500 Korean Words Book 1,명사
1,책,book,My First 500 Korean Words Book 1,명사
1,읽다,to read,My First 500 Korean Words Book 1,동사
2,냉장고,refrigerator,My First 500 Korean Words Book 1,명사
1,우유,milk,My First 500 Korean Words Book 1,명사
1,컵,cup,My First 500 Korean Words Book 1,명사
2,뜨겁다,to be hot,My First 500 Korean Words Book 1,형용사
1,컴퓨터,computer,My First 500 Korean Words Book 1,명사
3,이메일,e-mail,My First 500 Korean Words Book 1,명사
3,노트북,laptop computer,My First 500 Korean Words Book 1,명사
3,충전하다,to charge,My First 500 Korean Words Book 1,동사
2,중요하다,to be important,My First 500 Korean Words Book 1,형용사
2,거울,mirror,My First 500 Korean Words Book 1,명사
2,화장품,make-up product,My First 500 Korean Words Book 1,명사
2,바르다,"to apply, to put on",My First 500 Korean Words Book 1,동사
1,옆,"side, next to",My First 500 Korean Words Book 1,명사
2,부부,married couple,My First 500 Korean Words Book 1,명사
1,초대,invitation,My First 500 Korean Words Book 1,명사
1,오후,afternoon,My First 500 Korean Words Book 1,명사
1,도착,arrival,My First 500 Korean Words Book 1,명사
1,딸,daughter,My First 500 Korean Words Book 1,명사
2,나이,age,My First 500 Korean Words Book 1,명사
1,같다,"to be the same, to be like",My First 500 Korean Words Book 1,형용사
2,유치원,kindergarten,My First 500 Korean Words Book 1,명사
1,사이,"relationship, relation",My First 500 Korean Words Book 1,명사
2,아들 ,son,My First 500 Korean Words Book 1,명사
1,게임,game,My First 500 Korean Words Book 1,명사
1,요일,day of the week,My First 500 Korean Words Book 1,명사
1,아침,morning,My First 500 Korean Words Book 1,명사
1,점심,lunch,My First 500 Korean Words Book 1,명사
1,밥,"rice, food, meal",My First 500 Korean Words Book 1,명사
2,화나다,"to feel angry, to get angry",My First 500 Korean Words Book 1,동사
2,걱정,"worry, concern",My First 500 Korean Words Book 1,명사
1,왜,why,My First 500 Korean Words Book 1,부사
1,공부,study,My First 500 Korean Words Book 1,명사
2,느낌,feeling,My First 500 Korean Words Book 1,명사
2,달력,calendar,My First 500 Korean Words Book 1,명사
1,날짜,date,My First 500 Korean Words Book 1,명사
2,모양,shape,My First 500 Korean Words Book 1,명사
1,아래 ,"down, below",My First 500 Korean Words Book 1,명사
1,전화번호 ,phone number,My First 500 Korean Words Book 1,명사
2,잊어버리다 ,to forget,My First 500 Korean Words Book 1,동사
1,빨리,"fast, quickly",My First 500 Korean Words Book 1,부사
2,예약 ,reservation,My First 500 Korean Words Book 1,명사
1,출발하다,to depart,My First 500 Korean Words Book 1,동사
2,시골,countryside,My First 500 Korean Words Book 1,명사
2,도시,city,My First 500 Korean Words Book 1,명사
2,시끄럽다,to be noisy,My First 500 Korean Words Book 1,형용사
1,조용하다,to be quiet,My First 500 Korean Words Book 1,형용사
1,등산,hiking,My First 500 Korean Words Book 1,명사
1,높다 ,to be high,My First 500 Korean Words Book 1,형용사
1,낮다,to be low,My First 500 Korean Words Book 1,형용사
2,해,the sun,My First 500 Korean Words Book 1,명사
2,어둡다,to be dark,My First 500 Korean Words Book 1,형용사
2,내려가다,to go down,My First 500 Korean Words Book 1,동사
2,연예인,"entertainer, celebrity",My First 500 Korean Words Book 1,명사
1,누구,who,My First 500 Korean Words Book 1,부사
1,키,one's height,My First 500 Korean Words Book 1,명사
1,크다,to be big,My First 500 Korean Words Book 1,형용사
1,웃다,"to laugh, to smile",My First 500 Korean Words Book 1,동사
1,얼굴,face,My First 500 Korean Words Book 1,명사
2,귀엽다,to be cute,My First 500 Korean Words Book 1,형용사
1,눈1,eye,My First 500 Korean Words Book 1,명사
1,다리,leg,My First 500 Korean Words Book 1,명사
1,길다,to be long,My First 500 Korean Words Book 1,형용사
1,언니,older sister (for a girl),My First 500 Korean Words Book 1,명사
1,같이,together,My First 500 Korean Words Book 1,부사
1,여행,travel,My First 500 Korean Words Book 1,명사
1,비행기,airplane,My First 500 Korean Words Book 1,명사
1,처음,"beginning, for the first time",My First 500 Korean Words Book 1,명사
1,창문,window,My First 500 Korean Words Book 1,명사
1,앉다,to sit,My First 500 Korean Words Book 1,동사
1,이따가,later,My First 500 Korean Words Book 1,부사
2,하늘,sky,My First 500 Korean Words Book 1,명사
2,구름,cloud,My First 500 Korean Words Book 1,명사
2,연락,"contact, contacting",My First 500 Korean Words Book 1,명사
1,도와주다,to help,My First 500 Korean Words Book 1,동사
1,층,floor,My First 500 Korean Words Book 1,명사
2,엘리베이터,elevator,My First 500 Korean Words Book 1,명사
1,무겁다,to be heavy,My First 500 Korean Words Book 1,형용사
2,상자,box,My First 500 Korean Words Book 1,명사
1,들다,"to lift, to carry",My First 500 Korean Words Book 1,동사
1,넣다 ,to put in,My First 500 Korean Words Book 1,동사
2,좁다 ,to be narrow,My First 500 Korean Words Book 1,형용사
2,빼다 ,"to take out, to pull out",My First 500 Korean Words Book 1,동사
2,이사,moving,My First 500 Korean Words Book 1,명사
1,혼자,alone,My First 500 Korean Words Book 1,부사
1,멋있다,"to be cool, to be awesome",My First 500 Korean Words Book 1,형용사
1,거실,living room,My First 500 Korean Words Book 1,명사
2,벽,wall,My First 500 Korean Words Book 1,명사
1,그림,"painting, drawing, picture",My First 500 Korean Words Book 1,명사
2,시계,clock,My First 500 Korean Words Book 1,명사
1,부엌,kitchen,My First 500 Korean Words Book 1,명사
1,만들다,to make,My First 500 Korean Words Book 1,동사
2,지우다 ,"to erase, to wash off",My First 500 Korean Words Book 1,동사
1,씻다,to wash,My First 500 Korean Words Book 1,동사
3,버섯,mushroom,My First 500 Korean Words Book 1,명사
3,당근,carrot,My First 500 Korean Words Book 1,명사
1,부르다 ,to call,My First 500 Korean Words Book 1,동사
1,다,"all, every",My First 500 Korean Words Book 1,동사
1,산책 ,walk,My First 500 Korean Words Book 1,명사
2,밝다,to be bright,My First 500 Korean Words Book 1,형용사
2,편하다 ,to be comfortable,My First 500 Korean Words Book 1,형용사
1,감사,gratitude,My First 500 Korean Words Book 1,명사
2,꿈,dream,My First 500 Korean Words Book 1,명사
1,사진,photo,My First 500 Korean Words Book 1,명사
1,배우다,to learn,My First 500 Korean Words Book 1,동사
1,카메라,camera,My First 500 Korean Words Book 1,명사
1,가격,price,My First 500 Korean Words Book 1,명사
1,비싸다,to be expensive,My First 500 Korean Words Book 1,형용사
2,휴대폰,"mobile phone, cell phone",My First 500 Korean Words Book 1,명사
1,찍다,"to take, to film",My First 500 Korean Words Book 1,동사
1,연습하다,to practice,My First 500 Korean Words Book 1,동사
1,유명하다,to be famous,My First 500 Korean Words Book 1,형용사
1,봄 ,spring (season),My First 500 Korean Words Book 1,명사
1,오다,to come,My First 500 Korean Words Book 1,동사
1,날씨,weather,My First 500 Korean Words Book 1,명사
1,따뜻하다,to be warm,My First 500 Korean Words Book 1,형용사
1,예쁘다,to be pretty,My First 500 Korean Words Book 1,형용사
1,꽃 ,flower,My First 500 Korean Words Book 1,명사
1,딸기 ,strawberry,My First 500 Korean Words Book 1,명사
2,빨간색 ,red (color),My First 500 Korean Words Book 1,명사
1,좋아하다,to like,My First 500 Korean Words Book 1,동사
1,과일,fruit,My First 500 Korean Words Book 1,명사
1,기다리다 ,to wait,My First 500 Korean Words Book 1,동사
1,눈2,snow,My First 500 Korean Words Book 1,명사
1,바람,wind,My First 500 Korean Words Book 1,명사
1,춥다,to be cold,My First 500 Korean Words Book 1,형용사
1,자주,often,My First 500 Korean Words Book 1,부사
1,안,inside,My First 500 Korean Words Book 1,부사
1,전화하다,"to call, to telephone",My First 500 Korean Words Book 1,동사
1,알다,to know,My First 500 Korean Words Book 1,동사
2,장갑,glove,My First 500 Korean Words Book 1,명사
2,목도리,scarf,My First 500 Korean Words Book 1,명사
1,잘하다,to be good at something,My First 500 Korean Words Book 1,동사
1,맛,taste,My First 500 Korean Words Book 1,명사
1,못하다 ,to be bad at something,My First 500 Korean Words Book 1,동사
1,사랑,love,My First 500 Korean Words Book 1,명사
3,양파,onion,My First 500 Korean Words Book 1,명사
2,감자,potato,My First 500 Korean Words Book 1,명사
2,칼,knife,My First 500 Korean Words Book 1,명사
2,썰다,"to chop, to cut",My First 500 Korean Words Book 1,동사
2,손가락,finger,My First 500 Korean Words Book 1,명사
2,배달,delivery,My First 500 Korean Words Book 1,명사
1,손님,guest,My First 500 Korean Words Book 1,명사
2,빨래,laundry,My First 500 Korean Words Book 1,명사
2,설거지,doing the dishes,My First 500 Korean Words Book 1,명사
2,이불,blanket,My First 500 Korean Words Book 1,명사
3,베개,pillow,My First 500 Korean Words Book 1,명사
2,쓰레기 ,trash,My First 500 Korean Words Book 1,명사
2,버리다,to throw away,My First 500 Korean Words Book 1,동사
1,시장,market,My First 500 Korean Words Book 1,명사
2,과자,snack,My First 500 Korean Words Book 1,명사
1,준비하다,to prepare,My First 500 Korean Words Book 1,동사
1,인터넷,the Internet,My First 500 Korean Words Book 1,명사
1,치마,skirt,My First 500 Korean Words Book 1,명사
2,주문하다,to order,My First 500 Korean Words Book 1,동사
2,실패,failure,My First 500 Korean Words Book 1,명사
1,작다,to be small,My First 500 Korean Words Book 1,형용사
1,쇼핑,shopping,My First 500 Korean Words Book 1,명사
1,어렵다,"to be difficult, to be hard",My First 500 Korean Words Book 1,형용사
2,성공,success,My First 500 Korean Words Book 1,명사
1,다음,next,My First 500 Korean Words Book 1,명사
1,모자,"hat, cap",My First 500 Korean Words Book 1,명사
1,약속,"promise, plan, appointment",My First 500 Korean Words Book 1,명사
1,늦다,to be late,My First 500 Korean Words Book 1,형용사
1,택시,"taxi, cab",My First 500 Korean Words Book 1,명사
3,오토바이,motorcycle,My First 500 Korean Words Book 1,명사
2,사고 ,accident,My First 500 Korean Words Book 1,명사
2,경찰,police,My First 500 Korean Words Book 1,명사
3,문자,text message,My First 500 Korean Words Book 1,명사
1,보내다,"to send, to spend",My First 500 Korean Words Book 1,동사
2,허리 ,"lower back, waist",My First 500 Korean Words Book 1,명사
1,조금,"a little, a bit",My First 500 Korean Words Book 1,명사
1,가수,singer,My First 500 Korean Words Book 1,명사
2,인기,popularity,My First 500 Korean Words Book 1,명사
1,나라,"country, nation",My First 500 Korean Words Book 1,명사
1,한국어,Korean (language),My First 500 Korean Words Book 1,명사
1,필요하다 ,"to need, to be necessary",My First 500 Korean Words Book 1,형용사
1,단어,word,My First 500 Korean Words Book 1,명사
1,귀,ear,My First 500 Korean Words Book 1,명사
2,지도 ,map,My First 500 Korean Words Book 1,명사
1,주소,address,My First 500 Korean Words Book 1,명사
2,궁금하다,to be curious,My First 500 Korean Words Book 1,형용사
1,문,door,My First 500 Korean Words Book 1,명사
1,열다,to open,My First 500 Korean Words Book 1,동사
1,감기,cold,My First 500 Korean Words Book 1,명사
1,열,fever,My First 500 Korean Words Book 1,명사
1,코,nose,My First 500 Korean Words Book 1,명사
1,나오다,to come out,My First 500 Korean Words Book 1,동사
1,약국,pharmacy,My First 500 Korean Words Book 1,명사
1,약,medicine,My First 500 Korean Words Book 1,명사
2,차,tea,My First 500 Korean Words Book 1,명사
1,건강,health,My First 500 Korean Words Book 1,명사
1,사과,apple,My First 500 Korean Words Book 1,명사
1,바나나,banana,My First 500 Korean Words Book 1,명사
1,일하다 ,to work,My First 500 Korean Words Book 1,동사
2,오이,cucumber,My First 500 Korean Words Book 1,명사
2,토마토,tomato,My First 500 Korean Words Book 1,명사
1,배,"belly, stomach",My First 500 Korean Words Book 1,명사
1,마음,"mind, heart",My First 500 Korean Words Book 1,명사
2,약하다,to be weak,My First 500 Korean Words Book 1,형용사
3,몸무게 ,body weight,My First 500 Korean Words Book 1,명사
3,절대 ,absolutely,My First 500 Korean Words Book 1,부사
1,어제 ,yesterday,My First 500 Korean Words Book 1,명사
1,운동,exercise,My First 500 Korean Words Book 1,명사
2,넘어지다,to fall down,My First 500 Korean Words Book 1,동사
1,손,hand,My First 500 Korean Words Book 1,명사
2,다치다,to get hurt,My First 500 Korean Words Book 1,동사
1,아프다,"to be sick, to hurt",My First 500 Korean Words Book 1,형용사
1,병원 ,hospital,My First 500 Korean Words Book 1,명사
1,의사 ,doctor,My First 500 Korean Words Book 1,명사
1,쉬다,to rest,My First 500 Korean Words Book 1,동사
1,힘들다,"to be difficult, to be tiring",My First 500 Korean Words Book 1,형용사
1,학생,student,My First 500 Korean Words Book 1,명사
1,자전거,bicycle,My First 500 Korean Words Book 1,명사
1,다니다,"to attend, to go to (regularly)",My First 500 Korean Words Book 1,동사
1,비,rain,My First 500 Korean Words Book 1,명사
1,우산,umbrella,My First 500 Korean Words Book 1,명사
1,없다,"to not have, to not be, to not exist",My First 500 Korean Words Book 1,형용사
1,신발,shoe,My First 500 Korean Words Book 1,명사
2,벗다,to take off (clothing),My First 500 Korean Words Book 1,동사
1,발,foot,My First 500 Korean Words Book 1,명사
2,목욕,bath,My First 500 Korean Words Book 1,명사
1,오빠 ,older brother (for a girl),My First 500 Korean Words Book 1,명사
2,가끔,sometimes,My First 500 Korean Words Book 1,부사
2,거짓말,lie,My First 500 Korean Words Book 1,명사
2,짜증,"frustration, anger, irritation",My First 500 Korean Words Book 1,명사
1,오전,"morning, before noon",My First 500 Korean Words Book 1,명사
1,머리,"head, hair",My First 500 Korean Words Book 1,명사
3,벌레,"bug, worm",My First 500 Korean Words Book 1,명사
2,놀라다,to be surprised,My First 500 Korean Words Book 1,동사
1,싫다,"to hate, to dislike, to be displeasing",My First 500 Korean Words Book 1,형용사
2,이상하다,"to be strange, to be weird",My First 500 Korean Words Book 1,형용사
1,저녁,evening,My First 500 Korean Words Book 1,명사
2,엄마,mom,My First 500 Korean Words Book 1,명사
2,마트,supermarket,My First 500 Korean Words Book 1,명사
1,고기,meat,My First 500 Korean Words Book 1,명사
1,사다,to buy,My First 500 Korean Words Book 1,동사
2,생선,fish,My First 500 Korean Words Book 1,명사
2,채소,vegetable,My First 500 Korean Words Book 1,명사
1,말하다,"to talk, to speak",My First 500 Korean Words Book 1,동사
2,달걀,egg,My First 500 Korean Words Book 1,명사
1,요리,"cooking, food, dish",My First 500 Korean Words Book 1,명사
1,할아버지,"grandfather, old man",My First 500 Korean Words Book 1,명사
1,산,mountain,My First 500 Korean Words Book 1,명사
1,올라가다,to go up,My First 500 Korean Words Book 1,동사
2,믿다,"to trust, to believe",My First 500 Korean Words Book 1,동사
1,사람,"person, people",My First 500 Korean Words Book 1,명사
2,새 ,bird,My First 500 Korean Words Book 1,명사
1,나무 ,"tree, wood",My First 500 Korean Words Book 1,명사
2,냄새 ,smell,My First 500 Korean Words Book 1,명사
1,몸,body,My First 500 Korean Words Book 1,명사
2,움직이다,to move,My First 500 Korean Words Book 1,동사
1,공항,airport,My First 500 Korean Words Book 1,명사
1,넓다,"to be spacious, to be wide",My First 500 Korean Words Book 1,형용사
1,길,"road, street",My First 500 Korean Words Book 1,명사
2,잃어버리다 ,"to lose, to misplace",My First 500 Korean Words Book 1,동사
1,여기,here,My First 500 Korean Words Book 1,명사
1,어디,where,My First 500 Korean Words Book 1,부사
1,서점,bookstore,My First 500 Korean Words Book 1,명사
1,들어가다,to enter,My First 500 Korean Words Book 1,동사
2,물어보다,to ask,My First 500 Korean Words Book 1,동사
1,찾다,to find,My First 500 Korean Words Book 1,동사
1,대학교 ,"university, college",My First 500 Korean Words Book 1,명사
1,역,station,My First 500 Korean Words Book 1,명사
1,가깝다,to be close,My First 500 Korean Words Book 1,형용사
1,오른쪽,"right side, right-hand side",My First 500 Korean Words Book 1,명사
1,은행,bank,My First 500 Korean Words Book 1,명사
1,왼쪽,"left side, left-hand side",My First 500 Korean Words Book 1,명사
1,편의점,convenience store,My First 500 Korean Words Book 1,명사
1,앞,front,My First 500 Korean Words Book 1,명사
2,건너다,to cross,My First 500 Korean Words Book 1,동사
1,다시 ,again,My First 500 Korean Words Book 1,부사
2,색깔,color,My First 500 Korean Words Book 1,명사
2,검은색,black,My First 500 Korean Words Book 1,명사
1,지갑,wallet,My First 500 Korean Words Book 1,명사
1,자동차,car,My First 500 Korean Words Book 1,명사
1,가방,bag,My First 500 Korean Words Book 1,명사
1,언제,when,My First 500 Korean Words Book 1,부사
1,모르다,to not know,My First 500 Korean Words Book 1,동사
1,형,older brother (for a boy),My First 500 Korean Words Book 1,명사
2,하얀색,white,My First 500 Korean Words Book 1,명사
1,다르다,to be different,My First 500 Korean Words Book 1,형용사
2,착하다,"to be nice, to be kind-hearted",My First 500 Korean Words Book 1,형용사
2,문제,"problem, matter",My First 500 Korean Words Book 1,명사
1,연필,pencil,My First 500 Korean Words Book 1,명사
1,빌려주다 ,to lend,My First 500 Korean Words Book 1,동사
1,펜,pen,My First 500 Korean Words Book 1,명사
1,또,again,My First 500 Korean Words Book 1,부사
1,이유,reason,My First 500 Korean Words Book 1,명사
3,미치다,"to be crazy, to go crazy",My First 500 Korean Words Book 1,동사
1,나쁘다 ,to be bad,My First 500 Korean Words Book 1,형용사
1,아니다 ,to not be,My First 500 Korean Words Book 1,형용사
2,결혼,"marriage, wedding",My First 500 Korean Words Book 1,명사
3,식물,plant,My First 500 Korean Words Book 1,명사
1,카드,card,My First 500 Korean Words Book 1,명사
2,정하다,"to decide, to choose",My First 500 Korean Words Book 1,동사
1,싸다,to be cheap,My First 500 Korean Words Book 1,동사
2,끓이다,to boil,My First 500 Korean Words Book 1,동사
1,달다,to be sweet,My First 500 Korean Words Book 1,동사
3,실망,disappointment,My First 500 Korean Words Book 1,명사
1,계획,plan,My First 500 Korean Words Book 1,명사
1,팔다,to sell,My First 500 Korean Words Book 1,동사
3,털,"fur, hair",My First 500 Korean Words Book 1,명사
2,반지 ,ring,My First 500 Korean Words Book 1,명사
2,짧다,to be short,My First 500 Korean Words Book 1,형용사
1,때,"time, when",My First 500 Korean Words Book 1,명사
2,라디오,radio,My First 500 Korean Words Book 1,명사
2,유리,glass,My First 500 Korean Words Book 1,명사
1,신문,newspaper,My First 500 Korean Words Book 1,명사
2,종이,paper,My First 500 Korean Words Book 1,명사
1,인사,greeting,My First 500 Korean Words Book 1,명사
3,쌍둥이,twin,My First 500 Korean Words Book 1,명사
2,어리다,to be young,My First 500 Korean Words Book 1,형용사
2,비슷하다,to be similar,My First 500 Korean Words Book 1,형용사
1,생각하다,to think,My First 500 Korean Words Book 1,동사
1,쉽다,to be easy,My First 500 Korean Words Book 1,형용사
1,안경,glasses,My First 500 Korean Words Book 1,명사
1,입,mouth,My First 500 Korean Words Book 1,명사
1,멀다,to be far,My First 500 Korean Words Book 1,형용사
1,뒤,"behind, after",My First 500 Korean Words Book 1,명사
2,실수,mistake,My First 500 Korean Words Book 1,명사
1,축구,soccer,My First 500 Korean Words Book 1,명사
1,농구,basketball,My First 500 Korean Words Book 1,명사
1,야구,baseball,My First 500 Korean Words Book 1,명사
1,지나다,to pass,My First 500 Korean Words Book 1,동사
2,이기다,to win,My First 500 Korean Words Book 1,동사
1,팔,arm,My First 500 Korean Words Book 1,명사
2,비밀,secret,My First 500 Korean Words Book 1,명사
2,발가락,toe,My First 500 Korean Words Book 1,명사
1,영어,English (language),My First 500 Korean Words Book 1,명사
1,사전,dictionary,My First 500 Korean Words Book 1,명사
2,주차장,parking lot,My First 500 Korean Words Book 1,명사
1,고르다,"to pick, to choose",My First 500 Korean Words Book 1,동사
1,표,ticket,My First 500 Korean Words Book 1,명사
2,세다 ,to count,My First 500 Korean Words Book 1,동사
1,불,"fire, light",My First 500 Korean Words Book 1,명사
2,날다,to fly,My First 500 Korean Words Book 1,동사
3,지구,Earth,My First 500 Korean Words Book 1,명사
3,우주,"cosmos, universe, space",My First 500 Korean Words Book 1,명사
3,알아듣다 ,to understand,My First 500 Korean Words Book 1,동사
1,바꾸다,to change,My First 500 Korean Words Book 1,동사
1,운전,driving,My First 500 Korean Words Book 1,명사
2,느리다 ,to be slow,My First 500 Korean Words Book 1,동사
1,내리다,to get off/out of (a vehicle),My First 500 Korean Words Book 1,동사
1,열쇠 ,key,My First 500 Korean Words Book 1,명사
2,잡다,"to grab, to hold",My First 500 Korean Words Book 1,동사
1,그것,"it, that",My First 500 Korean Words Book 1,부사
1,가볍다,to be light,My First 500 Korean Words Book 1,형용사
2,휴지 ,"tissue, toilet paper",My First 500 Korean Words Book 1,명사
1,맞다,"to be correct, to be right",My First 500 Korean Words Book 1,동사
2,서다,to stand,My First 500 Korean Words Book 1,동사
3,외식,eating out,My First 500 Korean Words Book 2,명사
2,다양하다,to be diverse,My First 500 Korean Words Book 2,형용사
3,마늘,garlic,My First 500 Korean Words Book 2,명사
2,볶다,to fry,My First 500 Korean Words Book 2,동사
3,후식,dessert,My First 500 Korean Words Book 2,명사
3,달콤하다,to be sweet,My First 500 Korean Words Book 2,형용사
3,야경,night view,My First 500 Korean Words Book 2,명사
3,선약,previous engagement,My First 500 Korean Words Book 2,명사
2,취소하다,to cancel,My First 500 Korean Words Book 2,동사
2,훌륭하다,to be great,My First 500 Korean Words Book 2,형용사
3,비자,visa,My First 500 Korean Words Book 2,명사
3,발급,issue,My First 500 Korean Words Book 2,명사
2,해외여행,travel abroad,My First 500 Korean Words Book 2,명사
3,일정,schedule,My First 500 Korean Words Book 2,명사
3,일행,group,My First 500 Korean Words Book 2,명사
3,전통,tradition,My First 500 Korean Words Book 2,명사
3,체험,hands-on experience,My First 500 Korean Words Book 2,명사
3,제안하다,to suggest,My First 500 Korean Words Book 2,동사
3,출국하다,to leave the country,My First 500 Korean Words Book 2,동사
2,싸다,to pack,My First 500 Korean Words Book 2,동사
2,유학생,international student,My First 500 Korean Words Book 2,명사
3,등록증,registration card,My First 500 Korean Words Book 2,명사
2,방법,how,My First 500 Korean Words Book 2,명사
3,지원,support,My First 500 Korean Words Book 2,명사
2,센터,center,My First 500 Korean Words Book 2,명사
3,자기,oneself,My First 500 Korean Words Book 2,명사
3,따라오다,to follow,My First 500 Korean Words Book 2,동사
3,작성하다,to write,My First 500 Korean Words Book 2,동사
3,대하다,to treat,My First 500 Korean Words Book 2,동사
3,감동하다,to be moved,My First 500 Korean Words Book 2,동사
3,공연,performance,My First 500 Korean Words Book 2,명사
3,용돈,pocket money,My First 500 Korean Words Book 2,명사
2,예매하다,to book a ticket,My First 500 Korean Words Book 2,동사
3,마침,just in time,My First 500 Korean Words Book 2,부사
3,관객,audience,My First 500 Korean Words Book 2,명사
2,떠들다,to make noise,My First 500 Korean Words Book 2,동사
3,집중하다,to concentrate,My First 500 Korean Words Book 2,동사
3,제대로,properly,My First 500 Korean Words Book 2,부사
3,감상하다,to appreciate,My First 500 Korean Words Book 2,동사
3,아쉽다,to feel sad,My First 500 Korean Words Book 2,형용사
2,결정하다,to decide,My First 500 Korean Words Book 2,동사
3,의견,opinion,My First 500 Korean Words Book 2,명사
3,차이,difference,My First 500 Korean Words Book 2,명사
2,모이다,to get together,My First 500 Korean Words Book 2,동사
3,찬성하다,to agree,My First 500 Korean Words Book 2,동사
2,반대하다,to disagree,My First 500 Korean Words Book 2,동사
3,충분히,enough,My First 500 Korean Words Book 2,부사
3,만족하다,to be satisfied,My First 500 Korean Words Book 2,형용사
2,방향,direction,My First 500 Korean Words Book 2,명사
2,선택하다,to choose,My First 500 Korean Words Book 2,동사
2,일기,diary,My First 500 Korean Words Book 2,명사
2,외롭다,to be lonely,My First 500 Korean Words Book 2,형용사
2,사실,actually,My First 500 Korean Words Book 2,명사
3,가정,family,My First 500 Korean Words Book 2,명사
2,부모,parents,My First 500 Korean Words Book 2,명사
3,역할,role,My First 500 Korean Words Book 2,명사
2,직장,workplace,My First 500 Korean Words Book 2,명사
2,키우다,to raise,My First 500 Korean Words Book 2,동사
3,추억,memory,My First 500 Korean Words Book 2,명사
2,노력하다,to make effort,My First 500 Korean Words Book 2,동사
3,기대하다,to look forward to,My First 500 Korean Words Book 2,동사
3,좌석,seat,My First 500 Korean Words Book 2,명사
3,앞뒤,back and forth,My First 500 Korean Words Book 2,명사
3,공간,space,My First 500 Korean Words Book 2,명사
2,펴다,to straighten,My First 500 Korean Words Book 2,동사
3,창밖,outside the window,My First 500 Korean Words Book 2,명사
2,풍경,view,My First 500 Korean Words Book 2,명사
3,어지럽다,to be dizzy,My First 500 Korean Words Book 2,형용사
2,등,back,My First 500 Korean Words Book 2,명사
3,건조하다,to be dry,My First 500 Korean Words Book 2,형용사
2,서로,each other,My First 500 Korean Words Book 2,명사
3,별명,nickname,My First 500 Korean Words Book 2,명사
3,반말,casual language,My First 500 Korean Words Book 2,명사
3,마음대로,as one pleases,My First 500 Korean Words Book 2,부사
3,반팔,short sleeves,My First 500 Korean Words Book 2,명사
3,슬리퍼,flip-flops,My First 500 Korean Words Book 2,명사
3,자유롭다,to be free,My First 500 Korean Words Book 2,형용사
3,굉장히,very,My First 500 Korean Words Book 2,부사
3,낯설다,to be unfamiliar,My First 500 Korean Words Book 2,형용사
2,익숙하다,to be familiar,My First 500 Korean Words Book 2,형용사
3,늦잠,oversleeping,My First 500 Korean Words Book 2,명사
3,대표,representative,My First 500 Korean Words Book 2,명사
3,발표,presentation,My First 500 Korean Words Book 2,명사
3,평가,evaluation,My First 500 Korean Words Book 2,명사
3,면접,job interview,My First 500 Korean Words Book 2,명사
2,지각하다,to be late,My First 500 Korean Words Book 2,동사
3,인생,life,My First 500 Korean Words Book 2,명사
3,방해하다,to disturb,My First 500 Korean Words Book 2,동사
2,버릇,habit,My First 500 Korean Words Book 2,명사
3,해결하다,to solve,My First 500 Korean Words Book 2,동사
2,조카,nephew/niece,My First 500 Korean Words Book 2,명사
3,서투르다,to be unskilled,My First 500 Korean Words Book 2,형용사
2,직접,for oneself,My First 500 Korean Words Book 2,명사
2,장난감,toy,My First 500 Korean Words Book 2,명사
2,인형,doll,My First 500 Korean Words Book 2,명사
3,풍선,balloon,My First 500 Korean Words Book 2,명사
3,멋지다,to be wonderful,My First 500 Korean Words Book 2,형용사
4,꾸미다,to decorate,My First 500 Korean Words Book 2,동사
3,정신없다,to be so busy,My First 500 Korean Words Book 2,형용사
3,상상하다,to imagine,My First 500 Korean Words Book 2,동사
2,성격,personality,My First 500 Korean Words Book 2,명사
3,활발하다,to be outgoing,My First 500 Korean Words Book 2,형용사
2,부럽다,to be jealous,My First 500 Korean Words Book 2,형용사
2,부족하다,to lack,My First 500 Korean Words Book 2,형용사
4,겸손하다,to be humble,My First 500 Korean Words Book 2,형용사
3,장점,strength,My First 500 Korean Words Book 2,명사
2,물론,of course,My First 500 Korean Words Book 2,부사
3,단점,weakness,My First 500 Korean Words Book 2,명사
2,거절,refusal,My First 500 Korean Words Book 2,명사
3,들어주다,to grant,My First 500 Korean Words Book 2,동사
3,변화,change,My First 500 Korean Words Book 2,명사
3,졸리다,to be sleepy,My First 500 Korean Words Book 2,형용사
3,하품,yawn,My First 500 Korean Words Book 2,명사
3,피부,skin,My First 500 Korean Words Book 2,명사
3,여드름,pimple,My First 500 Korean Words Book 2,명사
2,머리카락,hair,My First 500 Korean Words Book 2,명사
2,점점,gradually,My First 500 Korean Words Book 2,명사
2,빠지다,to fall out,My First 500 Korean Words Book 2,동사
2,푹,well,My First 500 Korean Words Book 2,명사
3,피로,fatigue,My First 500 Korean Words Book 2,명사
2,심다,to plant,My First 500 Korean Words Book 2,동사
3,베란다,indoor balcony,My First 500 Korean Words Book 2,명사
3,화분,flower pot,My First 500 Korean Words Book 2,명사
3,가꾸다,to grow,My First 500 Korean Words Book 2,동사
2,피다,to bloom,My First 500 Korean Words Book 2,동사
2,장마,rainy season,My First 500 Korean Words Book 2,명사
2,오랫동안,for a long time,My First 500 Korean Words Book 2,부사
3,야외,outside,My First 500 Korean Words Book 2,명사
3,실내,inside,My First 500 Korean Words Book 2,명사
3,막다,to prevent,My First 500 Korean Words Book 2,동사
3,종일,all day (long),My First 500 Korean Words Book 2,명사
3,꽤,quite,My First 500 Korean Words Book 2,부사
3,보고서,report,My First 500 Korean Words Book 2,명사
3,제출하다,to submit,My First 500 Korean Words Book 2,동사
3,전날,the day before,My First 500 Korean Words Book 2,명사
3,야근하다,night overtime,My First 500 Korean Words Book 2,동사
3,겨우,barely,My First 500 Korean Words Book 2,명사
2,마치다,to finish,My First 500 Korean Words Book 2,동사
3,회식,company gathering,My First 500 Korean Words Book 2,명사
2,기억나다,to remember,My First 500 Korean Words Book 2,동사
3,올려놓다,to put (on),My First 500 Korean Words Book 2,동사
3,쏟다,to spill,My First 500 Korean Words Book 2,동사
3,걸레,rag,My First 500 Korean Words Book 2,명사
3,밟다,to step on,My First 500 Korean Words Book 2,동사
2,엉덩이,butt,My First 500 Korean Words Book 2,명사
3,묻다,to be stained with,My First 500 Korean Words Book 2,동사
3,탁자,table,My First 500 Korean Words Book 2,명사
2,차다,to kick,My First 500 Korean Words Book 2,동사
3,뼈,bone,My First 500 Korean Words Book 2,명사
3,부러지다,to be broken,My First 500 Korean Words Book 2,동사
3,손자,grandson,My First 500 Korean Words Book 2,명사
3,돌보다,to look after,My First 500 Korean Words Book 2,동사
2,누르다,to press,My First 500 Korean Words Book 2,동사
2,닮다,to look like,My First 500 Korean Words Book 2,동사
3,주방,kitchen,My First 500 Korean Words Book 2,명사
3,미술,art,My First 500 Korean Words Book 2,명사
2,학원,private academy,My First 500 Korean Words Book 2,명사
2,악기,musical instrument,My First 500 Korean Words Book 2,명사
3,연주하다,to play,My First 500 Korean Words Book 2,동사
2,도움,help,My First 500 Korean Words Book 2,명사
4,천둥,thunder,My First 500 Korean Words Book 2,명사
4,번개,lightning,My First 500 Korean Words Book 2,명사
3,밤새,all night long,My First 500 Korean Words Book 2,명사
3,벌금,fine,My First 500 Korean Words Book 2,명사
3,미끄럽다,to be slippery,My First 500 Korean Words Book 2,형용사
3,스타킹,(a pair of) stockings,My First 500 Korean Words Book 2,명사
3,구멍,hole,My First 500 Korean Words Book 2,명사
3,당장,right away,My First 500 Korean Words Book 2,부사
3,구하다,to get,My First 500 Korean Words Book 2,동사
3,당황하다,to be bewildered,My First 500 Korean Words Book 2,동사
2,서랍,drawer,My First 500 Korean Words Book 2,명사
2,정리하다,to organize,My First 500 Korean Words Book 2,동사
3,우연히,by chance,My First 500 Korean Words Book 2,부사
3,촬영하다,to film,My First 500 Korean Words Book 2,동사
3,연기,acting,My First 500 Korean Words Book 2,명사
3,축제,festival,My First 500 Korean Words Book 2,명사
3,동아리,club (for student’s activities),My First 500 Korean Words Book 2,명사
3,회장,president,My First 500 Korean Words Book 2,명사
3,신입생,freshman,My First 500 Korean Words Book 2,명사
2,젊다,to be young,My First 500 Korean Words Book 2,형용사
2,치과,dentist’s office,My First 500 Korean Words Book 2,명사
3,깔끔하다,to be neat and tidy,My First 500 Korean Words Book 2,형용사
3,썩다,to decay,My First 500 Korean Words Book 2,동사
3,창피하다,to be embarrassed,My First 500 Korean Words Book 2,형용사
2,습관,habit,My First 500 Korean Words Book 2,명사
2,결심하다,to make up one’s mind,My First 500 Korean Words Book 2,동사
3,미루다,to put off,My First 500 Korean Words Book 2,동사
2,약간,a little,My First 500 Korean Words Book 2,명사
2,노랗다,to be yellow,My First 500 Korean Words Book 2,형용사
2,훨씬,much,My First 500 Korean Words Book 2,부사
2,기침,cough,My First 500 Korean Words Book 2,명사
2,빨갛다,to be red,My First 500 Korean Words Book 2,형용사
3,온몸,whole body,My First 500 Korean Words Book 2,명사
3,가렵다,to be itchy,My First 500 Korean Words Book 2,형용사
3,해산물,seafood,My First 500 Korean Words Book 2,명사
3,알레르기,allergy,My First 500 Korean Words Book 2,명사
3,국물,soup,My First 500 Korean Words Book 2,명사
3,다행히,fortunately,My First 500 Korean Words Book 2,부사
3,증상,symptom,My First 500 Korean Words Book 2,명사
3,사라지다,to disappear,My First 500 Korean Words Book 2,동사
3,동료,co-worker,My First 500 Korean Words Book 2,명사
3,불만,complaint,My First 500 Korean Words Book 2,명사
3,표정,facial expression,My First 500 Korean Words Book 2,명사
3,첫인상,first impression,My First 500 Korean Words Book 2,명사
2,고민,worry,My First 500 Korean Words Book 2,명사
3,상담,advice,My First 500 Korean Words Book 2,명사
2,평소,usual day,My First 500 Korean Words Book 2,명사
3,곤란하다,to be difficult,My First 500 Korean Words Book 2,형용사
2,고치다,to fix,My First 500 Korean Words Book 2,동사
3,조언하다,to advise,My First 500 Korean Words Book 2,동사
3,청소기,vacuum cleaner,My First 500 Korean Words Book 2,명사
3,제품,product,My First 500 Korean Words Book 2,명사
3,검색하다,to search,My First 500 Korean Words Book 2,동사
3,딱,just,My First 500 Korean Words Book 2,부사
3,판매하다,to sell,My First 500 Korean Words Book 2,동사
3,퍼센트,percent,My First 500 Korean Words Book 2,명사
2,할인,discount,My First 500 Korean Words Book 2,명사
3,가습기,humidifier,My First 500 Korean Words Book 2,명사
2,무료,free of charge,My First 500 Korean Words Book 2,명사
3,환불,refund,My First 500 Korean Words Book 2,명사
2,매주,every week,My First 500 Korean Words Book 2,부사
2,이상,or more,My First 500 Korean Words Book 2,명사
3,메뉴판,menu,My First 500 Korean Words Book 2,명사
2,햄버거,hamburger,My First 500 Korean Words Book 2,명사
3,세트,set,My First 500 Korean Words Book 2,명사
2,케첩,ketchup,My First 500 Korean Words Book 2,명사
2,모자라다,to be not enough,My First 500 Korean Words Book 2,동사
3,봉지,bag,My First 500 Korean Words Book 2,명사
2,가득,fully,My First 500 Korean Words Book 2,명사
2,남다,to be left (over),My First 500 Korean Words Book 2,동사
3,재활용하다,to recycle,My First 500 Korean Words Book 2,동사
2,가위,scissors,My First 500 Korean Words Book 2,명사
2,자르다,to cut,My First 500 Korean Words Book 2,동사
3,동그랗다,to be round,My First 500 Korean Words Book 2,형용사
2,단추,button,My First 500 Korean Words Book 2,명사
2,얇다,to be thin,My First 500 Korean Words Book 2,형용사
3,끈,strap,My First 500 Korean Words Book 2,명사
3,꼬리,tail,My First 500 Korean Words Book 2,명사
2,세상,world,My First 500 Korean Words Book 2,명사
3,완성하다,to complete,My First 500 Korean Words Book 2,동사
3,게시판,bulletin board,My First 500 Korean Words Book 2,명사
3,골프,golf,My First 500 Korean Words Book 2,명사
2,광고,commercial,My First 500 Korean Words Book 2,명사
3,참가하다,to participate,My First 500 Korean Words Book 2,동사
2,선수,player,My First 500 Korean Words Book 2,명사
3,모집,recruitment,My First 500 Korean Words Book 2,명사
2,급하다,to be in a hurry,My First 500 Korean Words Book 2,형용사
3,신청서,application,My First 500 Korean Words Book 2,명사
3,목록,list,My First 500 Korean Words Book 2,명사
3,볼링,bowling,My First 500 Korean Words Book 2,명사
3,음식물,food,My First 500 Korean Words Book 2,명사
2,두다,to put,My First 500 Korean Words Book 2,동사
3,상하다,to go bad,My First 500 Korean Words Book 2,동사
3,보관하다,to keep,My First 500 Korean Words Book 2,동사
4,뚜껑,lid,My First 500 Korean Words Book 2,명사
3,덮다,to cover,My First 500 Korean Words Book 2,동사
2,얼다,to freeze,My First 500 Korean Words Book 2,동사
3,녹다,to melt,My First 500 Korean Words Book 2,동사
2,만약,if,My First 500 Korean Words Book 2,부사
2,이미,already,My First 500 Korean Words Book 2,부사
3,패션,fashion,My First 500 Korean Words Book 2,명사
2,유행하다,to be popular,My First 500 Korean Words Book 2,동사
2,파랗다,to be blue,My First 500 Korean Words Book 2,형용사
3,셔츠,shirt,My First 500 Korean Words Book 2,명사
3,검다,to be black,My First 500 Korean Words Book 2,형용사
3,가죽,leather,My First 500 Korean Words Book 2,명사
3,살펴보다,to look around (in detail),My First 500 Korean Words Book 2,동사
3,상태,condition,My First 500 Korean Words Book 2,명사
2,튼튼하다,to be strong,My First 500 Korean Words Book 2,형용사
2,자랑하다,to show off,My First 500 Korean Words Book 2,동사
2,교통사고,traffic accident,My First 500 Korean Words Book 2,명사
3,큰길,main road,My First 500 Korean Words Book 2,명사
3,인도,sidewalk,My First 500 Korean Words Book 2,명사
3,맞은편,across from,My First 500 Korean Words Book 2,명사
2,도로,road,My First 500 Korean Words Book 2,명사
3,우회전,right turn,My First 500 Korean Words Book 2,명사
3,좌회전,left turn,My First 500 Korean Words Book 2,명사
3,살짝,slightly,My First 500 Korean Words Book 2,부사
3,깨지다,to break,My First 500 Korean Words Book 2,동사
3,신고하다,to call,My First 500 Korean Words Book 2,동사
3,기사,article,My First 500 Korean Words Book 2,명사
3,가전제품,home appliance,My First 500 Korean Words Book 2,명사
3,양,amount,My First 500 Korean Words Book 2,명사
3,심각하다,to be serious,My First 500 Korean Words Book 2,형용사
2,고장,out of order,My First 500 Korean Words Book 2,명사
2,그냥,just,My First 500 Korean Words Book 2,부사
2,새롭다,to be new,My First 500 Korean Words Book 2,형용사
3,중고,used product,My First 500 Korean Words Book 2,명사
2,자연,nature,My First 500 Korean Words Book 2,명사
3,보호하다,to protect,My First 500 Korean Words Book 2,동사
3,입학시험,entrance examination,My First 500 Korean Words Book 2,명사
3,학과,department,My First 500 Korean Words Book 2,명사
3,합격하다,to get accepted,My First 500 Korean Words Book 2,동사
3,등록금,tuition,My First 500 Korean Words Book 2,명사
3,놀이공원,amusement park,My First 500 Korean Words Book 2,명사
2,늘,always,My First 500 Korean Words Book 2,부사
3,등,ranking,My First 500 Korean Words Book 2,명사
3,놓치다,to miss,My First 500 Korean Words Book 2,동사
3,결국,eventually,My First 500 Korean Words Book 2,부사
3,기업,company,My First 500 Korean Words Book 2,명사
3,막내,the youngest (of the family),My First 500 Korean Words Book 2,명사
2,자꾸,repeatedly,My First 500 Korean Words Book 2,부사
3,뺏다,to take away,My First 500 Korean Words Book 2,동사
3,도망가다,to run away,My First 500 Korean Words Book 2,동사
3,꽉,tightly,My First 500 Korean Words Book 2,명사
3,멍,bruise,My First 500 Korean Words Book 2,명사
3,혼나다,to get a scolding,My First 500 Korean Words Book 2,동사
3,얼른,quickly,My First 500 Korean Words Book 2,부사
3,사과하다,to apologize,My First 500 Korean Words Book 2,동사
3,화해하다,to make up,My First 500 Korean Words Book 2,동사
2,삼겹살,grilled pork belly,My First 500 Korean Words Book 2,명사
1,김치찌개,kimchi stew,My First 500 Korean Words Book 2,명사
2,굽다,to grill,My First 500 Korean Words Book 2,동사
2,된장,soybean paste,My First 500 Korean Words Book 2,명사
3,치우다,to clean up,My First 500 Korean Words Book 2,동사
2,귀찮다,to be lazy,My First 500 Korean Words Book 2,형용사
3,몰래,without other people’s knowledge,My First 500 Korean Words Book 2,부사
3,숨다,to hide,My First 500 Korean Words Book 2,동사
2,역시,as expected,My First 500 Korean Words Book 2,부사
2,낫다,to be better,My First 500 Korean Words Book 2,동사
3,체력,physical strength,My First 500 Korean Words Book 2,명사
3,관리하다,to take care,My First 500 Korean Words Book 2,동사
3,한동안,for a while,My First 500 Korean Words Book 2,부사
3,손목,wrist,My First 500 Korean Words Book 2,명사
3,발목,ankle,My First 500 Korean Words Book 2,명사
3,근육,muscle,My First 500 Korean Words Book 2,명사
3,예방하다,to prevent,My First 500 Korean Words Book 2,동사
4,스트레칭,stretching,My First 500 Korean Words Book 2,명사
3,적어도,at least,My First 500 Korean Words Book 2,부사
2,안전하다,to be safe,My First 500 Korean Words Book 2,형용사
3,월드컵,the World Cup,My First 500 Korean Words Book 2,명사
2,경기,match,My First 500 Korean Words Book 2,명사
3,입국하다,to enter,My First 500 Korean Words Book 2,동사
3,추천,recommendation,My First 500 Korean Words Book 2,명사
2,행사,event,My First 500 Korean Words Book 2,명사
3,통역,interpretation,My First 500 Korean Words Book 2,명사
3,감독,coach,My First 500 Korean Words Book 2,명사
3,사인,autograph,My First 500 Korean Words Book 2,명사
2,경험,experience,My First 500 Korean Words Book 2,명사
2,올림픽,the Olympics Games,My First 500 Korean Words Book 2,명사
2,학기,semester,My First 500 Korean Words Book 2,명사
2,주변,vicinity,My First 500 Korean Words Book 2,명사
3,원룸,studio apartment,My First 500 Korean Words Book 2,명사
3,월세,monthly lease,My First 500 Korean Words Book 2,명사
3,계약,contract,My First 500 Korean Words Book 2,명사
3,전세,Jeonse (Korea’s rental system),My First 500 Korean Words Book 2,명사
2,통장,bankbook,My First 500 Korean Words Book 2,명사
3,확인하다,to check,My First 500 Korean Words Book 2,동사
3,저축하다,to save,My First 500 Korean Words Book 2,동사
2,매달,every month,My First 500 Korean Words Book 2,부사
2,전하다,to tell,My First 500 Korean Words Book 2,동사
3,전국적,the whole country,My First 500 Korean Words Book 2,명사
3,햇볕,sun,My First 500 Korean Words Book 2,명사
2,강하다,to be strong,My First 500 Korean Words Book 2,형용사
2,기온,temperature,My First 500 Korean Words Book 2,명사
2,떨어지다,to drop,My First 500 Korean Words Book 2,동사
3,예정,expectation,My First 500 Korean Words Book 2,명사
2,외출하다,to go out,My First 500 Korean Words Book 2,동사
3,외투,coat,My First 500 Korean Words Book 2,명사
3,챙기다,to bring,My First 500 Korean Words Book 2,동사
2,원피스,dress,My First 500 Korean Words Book 2,명사
3,분명히,definitely,My First 500 Korean Words Book 2,부사
3,허락,permission,My First 500 Korean Words Book 2,명사
3,없이,without,My First 500 Korean Words Book 2,부사
2,만지다,to touch,My First 500 Korean Words Book 2,동사
3,막,harshly,My First 500 Korean Words Book 2,부사
2,끊다,to hang up,My First 500 Korean Words Book 2,동사
2,옷장,closet,My First 500 Korean Words Book 2,명사
2,바닥,floor,My First 500 Korean Words Book 2,명사
3,후회하다,to regret,My First 500 Korean Words Book 2,동사
3,사업가,business person,My First 500 Korean Words Book 2,명사
3,관찰하다,to observe,My First 500 Korean Words Book 2,동사
3,아이디어,idea,My First 500 Korean Words Book 2,명사
3,떠오르다,to come to one’s mind,My First 500 Korean Words Book 2,동사
3,연구하다,to research,My First 500 Korean Words Book 2,동사
4,실제,reality,My First 500 Korean Words Book 2,부사
3,일상생활,everyday life,My First 500 Korean Words Book 2,명사
3,기계,machine,My First 500 Korean Words Book 2,명사
3,발명하다,to invent,My First 500 Korean Words Book 2,동사
2,부자,rich person,My First 500 Korean Words Book 2,명사
3,지역,area,My First 500 Korean Words Book 2,명사
3,고객,customer,My First 500 Korean Words Book 2,명사
3,질,quality,My First 500 Korean Words Book 2,명사
2,재료,ingredient,My First 500 Korean Words Book 2,명사
2,기르다,to grow,My First 500 Korean Words Book 2,동사
3,특징,characteristic,My First 500 Korean Words Book 2,명사
2,쌀,rice,My First 500 Korean Words Book 2,명사
3,양념,seasoning,My First 500 Korean Words Book 2,명사
3,인스턴트,instant (food),My First 500 Korean Words Book 2,명사
3,입맛,appetite,My First 500 Korean Words Book 2,명사
3,천장,ceiling,My First 500 Korean Words Book 2,명사
3,대형,large size,My First 500 Korean Words Book 2,명사
1,달다,to install,My First 500 Korean Words Book 2,동사
3,설명서,manual,My First 500 Korean Words Book 2,명사
3,냉방,cooling,My First 500 Korean Words Book 2,명사
3,난방,heating,My First 500 Korean Words Book 2,명사
2,틀다,to turn on,My First 500 Korean Words Book 2,동사
3,고생하다,to have a hard time,My First 500 Korean Words Book 2,동사
2,서비스,service,My First 500 Korean Words Book 2,명사
3,문의하다,to ask,My First 500 Korean Words Book 2,동사
3,해수욕장,beach,My First 500 Korean Words Book 2,명사
3,모래,sand,My First 500 Korean Words Book 2,명사
3,눈부시다,to be too bright,My First 500 Korean Words Book 2,형용사
3,싱싱하다,to be fresh,My First 500 Korean Words Book 2,형용사
3,저렴하다,to be cheap,My First 500 Korean Words Book 2,형용사
3,새우,shrimp,My First 500 Korean Words Book 2,명사
3,환하다,to be bright,My First 500 Korean Words Book 2,형용사
3,공기,air,My First 500 Korean Words Book 2,명사
3,먼지,dust,My First 500 Korean Words Book 2,명사
3,실컷,as much as one likes,My First 500 Korean Words Book 2,부사
3,사촌,cousin,My First 500 Korean Words Book 2,명사
3,통통하다,to be chubby,My First 500 Korean Words Book 2,형용사
3,본인,oneself,My First 500 Korean Words Book 2,명사
3,살찌다,to gain weight,My First 500 Korean Words Book 2,동사
2,빼다,to lose (weight),My First 500 Korean Words Book 2,동사
3,굶다,to skip a meal,My First 500 Korean Words Book 2,동사
2,이해하다,to understand,My First 500 Korean Words Book 2,동사
3,꾸준히,consistently,My First 500 Korean Words Book 2,부사
2,헬스장,gym,My First 500 Korean Words Book 2,명사
3,비용,cost,My First 500 Korean Words Book 2,명사
2,대부분,most,My First 500 Korean Words Book 2,부사
3,경우,case,My First 500 Korean Words Book 2,명사
3,냉정하다,to be cold-hearted,My First 500 Korean Words Book 2,형용사
2,지나가다,to pass (by),My First 500 Korean Words Book 2,동사
2,신호등,traffic lights,My First 500 Korean Words Book 2,명사
2,자세히,in detail,My First 500 Korean Words Book 2,부사
3,비키다,to step aside,My First 500 Korean Words Book 2,동사
4,심지어,even,My First 500 Korean Words Book 2,부사
3,목적지,destination,My First 500 Korean Words Book 2,명사
3,기사,driver,My First 500 Korean Words Book 2,명사
1,떡볶이,tteokbokki,My First 500 Korean Words Book 2,명사
2,냄비,pot,My First 500 Korean Words Book 2,명사
3,붓다,to pour,My First 500 Korean Words Book 2,동사
2,고추장,red chili paste,My First 500 Korean Words Book 2,명사
2,끓다,to boil,My First 500 Korean Words Book 2,동사
3,양배추,cabbage,My First 500 Korean Words Book 2,명사
3,치즈,cheese,My First 500 Korean Words Book 2,명사
2,익다,to be cooked,My First 500 Korean Words Book 2,동사
3,딱딱하다,to be hard,My First 500 Korean Words Book 2,형용사
2,부드럽다,to be soft,My First 500 Korean Words Book 2,형용사
3,향수,perfume,My First 500 Korean Words Book 2,명사
2,심하다,to be serious,My First 500 Korean Words Book 2,형용사
3,뿌리다,to spray,My First 500 Korean Words Book 2,동사
2,두통,headache,My First 500 Korean Words Book 2,명사
3,소화,digestion,My First 500 Korean Words Book 2,명사
2,그만,stop doing,My First 500 Korean Words Book 2,명사
3,예의,manners,My First 500 Korean Words Book 2,명사
3,감정,feeling(s),My First 500 Korean Words Book 2,명사
3,피하다,to avoid,My First 500 Korean Words Book 2,동사
3,옮기다,to move,My First 500 Korean Words Book 2,동사
2,드디어,finally,My First 500 Korean Words Book 2,부사
3,초급,beginning level,My First 500 Korean Words Book 2,명사
3,중급,intermediate level,My First 500 Korean Words Book 2,명사
3,학습하다,to learn,My First 500 Korean Words Book 2,동사
3,문장,sentence,My First 500 Korean Words Book 2,명사
2,뜻,meaning,My First 500 Korean Words Book 2,명사
3,가리다,to cover,My First 500 Korean Words Book 2,동사
2,외우다,to memorize,My First 500 Korean Words Book 2,동사
3,반복하다,to repeat,My First 500 Korean Words Book 2,동사
2,점수,score,My First 500 Korean Words Book 2,명사
3,목표,goal,My First 500 Korean Words Book 2,명사
3,이루다,to achieve,My First 500 Korean Words Book 2,동사
3,최선,(doing) the one's best,My First 500 Korean Words Book 2,명사
3,상황,situation,My First 500 Korean Words Book 2,명사
3,조건,condition,My First 500 Korean Words Book 2,명사
3,가난하다,to be poor,My First 500 Korean Words Book 2,형용사
3,뛰어나다,to be excellent,My First 500 Korean Words Book 2,형용사
2,능력,ability,My First 500 Korean Words Book 2,명사
3,긍정적,positive,My First 500 Korean Words Book 2,명사
2,태도,attitude,My First 500 Korean Words Book 2,명사
2,출근하다,to go to work,My First 500 Korean Words Book 2,동사
2,선배,senior,My First 500 Korean Words Book 2,명사
3,인쇄하다,to print,My First 500 Korean Words Book 2,동사
3,파일,file,My First 500 Korean Words Book 2,명사
3,삭제하다,to delete,My First 500 Korean Words Book 2,동사
3,프린터,printer,My First 500 Korean Words Book 2,명사
3,한참,for a long time,My First 500 Korean Words Book 2,부사
2,완전히,completely,My First 500 Korean Words Book 2,부사
3,포기하다,to give up,My First 500 Korean Words Book 2,동사
3,모니터,monitor,My First 500 Korean Words Book 2,명사
2,세우다,to make (plan),My First 500 Korean Words Book 2,동사
2,그대로,as it is,My First 500 Korean Words Book 2,부사
2,지키다,to keep,My First 500 Korean Words Book 2,동사
3,업무,work,My First 500 Korean Words Book 2,명사
3,진행하다,to progress,My First 500 Korean Words Book 2,동사
3,예상하다,to expect,My First 500 Korean Words Book 2,동사
3,포함하다,to include,My First 500 Korean Words Book 2,동사
3,여유롭다,to be relaxed,My First 500 Korean Words Book 2,형용사
4,만큼,as ... as,My First 500 Korean Words Book 2,명사
3,맡다,to take on,My First 500 Korean Words Book 2,동사
3,경제,economy,My First 500 Korean Words Book 2,명사
3,아끼다,to save,My First 500 Korean Words Book 2,동사
2,월급,salary,My First 500 Korean Words Book 2,명사
2,전부,all,My First 500 Korean Words Book 2,명사
2,일부,part,My First 500 Korean Words Book 2,명사
3,잔돈,small change,My First 500 Korean Words Book 2,명사
2,모으다,to gather,My First 500 Korean Words Book 2,동사
3,계좌,account,My First 500 Korean Words Book 2,명사
3,총,total,My First 500 Korean Words Book 2,명사
3,금액,money,My First 500 Korean Words Book 2,명사